,Influencers,Date,Tweet Text,Compound,Positive,Negative,Neutral,Tweets Ago
0,Oprah,Wed Jun 27 02:48:30 +0000 2018,@AshBenton @OWNTV Nope.. not happening. Days are gone by-by.,0.0,0.0,0.0,1.0,100
1,Oprah,Wed Jun 27 02:45:34 +0000 2018,@MawuliChai @chillwillbey @LoveIsOWN @OWNTV So agree with you.,0.5009,0.316,0.0,0.684,99
2,Oprah,Wed Jun 27 02:13:44 +0000 2018,@LoveIsOWN Thank‚Äôs y‚Äôall. Here‚Äôs to Bestiesüç∑üç∑üç∑! #LOVEis,0.0,0.0,0.0,1.0,98
3,Oprah,Wed Jun 27 02:11:51 +0000 2018,@AshBenton @OWNTV @MaraBrockAkil @thesalimakil Yep I remember.. and my parents always buggin‚Äô .. ‚Äú Get off the Phone‚Äù!,0.3595,0.142,0.0,0.858,97
4,Oprah,Wed Jun 27 02:09:23 +0000 2018,RT @LoveIsOWN: #LOVEis the permission to design your own relationship. All new episode of Love Is___ TONIGHT! Grab your Yasir or your Nuri‚Ä¶,0.6696,0.17,0.0,0.83,96
5,Oprah,Wed Jun 27 02:05:31 +0000 2018,@3LWTV @OWNTV Love that. #Lovetribe what part of the world are you?,0.6369,0.276,0.0,0.724,95
6,Oprah,Wed Jun 27 02:04:30 +0000 2018,@RichOnOWN I remember by hairdo‚Äôs . #LOVEis,0.0,0.0,0.0,1.0,94
7,Oprah,Wed Jun 27 02:02:45 +0000 2018,#LOVEis happening now on @OWNTV,0.0,0.0,0.0,1.0,93
8,Oprah,Tue Jun 26 21:37:46 +0000 2018,TONIGHT! 10/9c on OWN. See ya there! üëãüèæ #LOVEis https://t.co/HhuRJgw1JN,0.5837,0.225,0.0,0.775,92
9,Oprah,Sat Jun 23 17:44:46 +0000 2018,Maria has been my friend since we were both young reporters in Baltimore. Her wisdom and open heart is what the wor‚Ä¶ https://t.co/eRxPJnueyQ,0.765,0.239,0.0,0.761,91
10,Oprah,Thu Jun 21 03:02:59 +0000 2018,@DrennaB We love u for watching in all our complexity.,0.6369,0.344,0.0,0.656,90
11,Oprah,Thu Jun 21 03:01:47 +0000 2018,@mutual_feelings Woo Jesus is right! Ooo Lorty!,0.5696,0.38,0.0,0.62,89
12,Oprah,Wed Jun 20 05:28:43 +0000 2018,@MaraBrockAkil That‚Äôs why this gives us the Feels. ‚ù§Ô∏è. All so authentic.,0.0,0.0,0.0,1.0,88
13,Oprah,Wed Jun 20 03:02:01 +0000 2018,@bigbrotherfan35 This made me üòÇ Lort!  #LOVEis,0.4926,0.273,0.127,0.6,87
14,Oprah,Wed Jun 20 02:59:44 +0000 2018,@MyBeautyAndSoul @MaraBrockAkil   And @thesalimakil  based on their love story.‚ù§Ô∏è‚ù§Ô∏è,0.6369,0.344,0.0,0.656,86
15,Oprah,Wed Jun 20 02:55:21 +0000 2018,@mkpfaith @OWNTV Thanks so muchüôèüèæ,0.4404,0.42,0.0,0.58,85
16,Oprah,Wed Jun 20 02:49:47 +0000 2018,Feeling the love from you all for our new show. Thanks for showing up here and spreading the word. OWNers you Rock! #LOVEis,0.8356,0.308,0.0,0.692,84
17,Oprah,Wed Jun 20 02:45:07 +0000 2018,"Yes regular time slot, after Haves. 10pm #LOVEis",0.4019,0.278,0.0,0.722,83
18,Oprah,Wed Jun 20 02:33:13 +0000 2018,Remember collect calls y‚Äôall?‚ÄúHeard you walkin around town in your drawers‚Äù made meüòÇ#LoveIs,0.0,0.0,0.0,1.0,82
19,Oprah,Wed Jun 20 02:30:05 +0000 2018,@theGrio I‚Äôm looooovin‚Äô it!  Every bit of it.,0.0,0.0,0.0,1.0,81
20,Oprah,Wed Jun 27 02:48:30 +0000 2018,@AshBenton @OWNTV Nope.. not happening. Days are gone by-by.,0.0,0.0,0.0,1.0,80
21,Oprah,Wed Jun 27 02:45:34 +0000 2018,@MawuliChai @chillwillbey @LoveIsOWN @OWNTV So agree with you.,0.5009,0.316,0.0,0.684,79
22,Oprah,Wed Jun 27 02:13:44 +0000 2018,@LoveIsOWN Thank‚Äôs y‚Äôall. Here‚Äôs to Bestiesüç∑üç∑üç∑! #LOVEis,0.0,0.0,0.0,1.0,78
23,Oprah,Wed Jun 27 02:11:51 +0000 2018,@AshBenton @OWNTV @MaraBrockAkil @thesalimakil Yep I remember.. and my parents always buggin‚Äô .. ‚Äú Get off the Phone‚Äù!,0.3595,0.142,0.0,0.858,77
24,Oprah,Wed Jun 27 02:09:23 +0000 2018,RT @LoveIsOWN: #LOVEis the permission to design your own relationship. All new episode of Love Is___ TONIGHT! Grab your Yasir or your Nuri‚Ä¶,0.6696,0.17,0.0,0.83,76
25,Oprah,Wed Jun 27 02:05:31 +0000 2018,@3LWTV @OWNTV Love that. #Lovetribe what part of the world are you?,0.6369,0.276,0.0,0.724,75
26,Oprah,Wed Jun 27 02:04:30 +0000 2018,@RichOnOWN I remember by hairdo‚Äôs . #LOVEis,0.0,0.0,0.0,1.0,74
27,Oprah,Wed Jun 27 02:02:45 +0000 2018,#LOVEis happening now on @OWNTV,0.0,0.0,0.0,1.0,73
28,Oprah,Tue Jun 26 21:37:46 +0000 2018,TONIGHT! 10/9c on OWN. See ya there! üëãüèæ #LOVEis https://t.co/HhuRJgw1JN,0.5837,0.225,0.0,0.775,72
29,Oprah,Sat Jun 23 17:44:46 +0000 2018,Maria has been my friend since we were both young reporters in Baltimore. Her wisdom and open heart is what the wor‚Ä¶ https://t.co/eRxPJnueyQ,0.765,0.239,0.0,0.761,71
30,Oprah,Thu Jun 21 03:02:59 +0000 2018,@DrennaB We love u for watching in all our complexity.,0.6369,0.344,0.0,0.656,70
31,Oprah,Thu Jun 21 03:01:47 +0000 2018,@mutual_feelings Woo Jesus is right! Ooo Lorty!,0.5696,0.38,0.0,0.62,69
32,Oprah,Wed Jun 20 05:28:43 +0000 2018,@MaraBrockAkil That‚Äôs why this gives us the Feels. ‚ù§Ô∏è. All so authentic.,0.0,0.0,0.0,1.0,68
33,Oprah,Wed Jun 20 03:02:01 +0000 2018,@bigbrotherfan35 This made me üòÇ Lort!  #LOVEis,0.4926,0.273,0.127,0.6,67
34,Oprah,Wed Jun 20 02:59:44 +0000 2018,@MyBeautyAndSoul @MaraBrockAkil   And @thesalimakil  based on their love story.‚ù§Ô∏è‚ù§Ô∏è,0.6369,0.344,0.0,0.656,66
35,Oprah,Wed Jun 20 02:55:21 +0000 2018,@mkpfaith @OWNTV Thanks so muchüôèüèæ,0.4404,0.42,0.0,0.58,65
36,Oprah,Wed Jun 20 02:49:47 +0000 2018,Feeling the love from you all for our new show. Thanks for showing up here and spreading the word. OWNers you Rock! #LOVEis,0.8356,0.308,0.0,0.692,64
37,Oprah,Wed Jun 20 02:45:07 +0000 2018,"Yes regular time slot, after Haves. 10pm #LOVEis",0.4019,0.278,0.0,0.722,63
38,Oprah,Wed Jun 20 02:33:13 +0000 2018,Remember collect calls y‚Äôall?‚ÄúHeard you walkin around town in your drawers‚Äù made meüòÇ#LoveIs,0.0,0.0,0.0,1.0,62
39,Oprah,Wed Jun 20 02:30:05 +0000 2018,@theGrio I‚Äôm looooovin‚Äô it!  Every bit of it.,0.0,0.0,0.0,1.0,61
40,Oprah,Wed Jun 20 02:25:21 +0000 2018,@3LWTV @OWNTV @MaraBrockAkil @thesalimakil It gets more Loving every week. So proud of  @MaraBrockAkil  and whole cast!,0.8582,0.361,0.0,0.639,60
41,Oprah,Wed Jun 20 02:21:42 +0000 2018,Thanks for being a part of the TREND y‚Äôall! #LOVEis,0.4926,0.285,0.0,0.715,59
42,Oprah,Wed Jun 20 02:03:29 +0000 2018,Here we go @LoveIsOWN ! Happy to be tweet-resting with you ! #LoveIs,0.6467,0.3,0.0,0.7,58
43,Oprah,Wed Jun 20 01:38:13 +0000 2018,"RT @wouldnotmind: Are You ready for #LoveIs ‚ô•Ô∏è üòÉ on @OWNTV ü§ó who is watching with us ü§î TWEET, TWEET right @Oprah üòä #OwnTVRocks https://t.co‚Ä¶",0.9153,0.308,0.0,0.692,57
44,Oprah,Tue Jun 19 21:43:28 +0000 2018,"RT @AppleMusic: Iconic 90s love songs, chosen by @Oprah. üëë
Listen to the playlist inspired by the new series #LOVEis, premiering tonight on‚Ä¶",0.8126,0.261,0.0,0.739,56
45,Oprah,Tue Jun 19 14:06:28 +0000 2018,Everyone needs a little love right now. #LOVEis series premiere TONIGHT 10/9c on OWN. https://t.co/4EPIUMCCwi,0.6003,0.231,0.0,0.769,55
46,Oprah,Mon Jun 18 11:01:49 +0000 2018,Here we go @CBSThisMorning! Eye-opener.,0.0,0.0,0.0,1.0,54
47,Oprah,Mon Jun 18 10:30:52 +0000 2018,"On vacay.. Up to watch @CBSThisMorning.  @GayleKing @DavidBegnaud, @cbsmireya LIVE from Texas!",0.0,0.0,0.0,1.0,53
48,Oprah,Mon Jun 18 09:44:02 +0000 2018,@CRayHenson @GayleKing @CBSThisMorning Is seeking asylum against the law?,0.0,0.0,0.0,1.0,52
49,Oprah,Mon Jun 18 09:41:08 +0000 2018,@gunnsmom6 @GayleKing @CBSThisMorning Wrong then. Wrong Now.   I wasn‚Äôt aware then.  Now WOKE.  ‚Äú When you know bet‚Ä¶ https://t.co/arWSJirf8s,-0.7351,0.0,0.292,0.708,51
50,Oprah,Mon Jun 18 04:10:46 +0000 2018,"Babies torn from their parents.
Can‚Äôt stand it! Will be watching
@GayleKing and her colleaques LiVE from Texas. @CBSThisMorning 7am",-0.3164,0.0,0.108,0.892,50
51,Oprah,Sun Jun 17 14:25:54 +0000 2018,"Father of three, Tom Brady is on an all NEW @SuperSoulSunday today at 11am. Tune-in and tweet, tweet! #HappyFathersDay",0.0,0.0,0.0,1.0,49
52,Oprah,Sat Jun 16 13:26:39 +0000 2018,Knew I liked this guy! Much more to Tom Brady than football‚Äîso impressed by his work ethic and commitment to family‚Ä¶ https://t.co/4xQGnVoBzr,0.8313,0.328,0.0,0.672,48
53,Oprah,Tue Jun 12 18:18:55 +0000 2018,Who loves 90s music?! üëãüèæ Our new show @LoveIsOWN premieres in 1 WEEK! It‚Äôs set in the 90s so let‚Äôs get in the mood!‚Ä¶ https://t.co/Rzqu54xRXF,0.8306,0.23,0.0,0.77,47
54,Oprah,Mon Jun 11 14:52:51 +0000 2018,"One of the most incredible men I‚Äôve ever met. Today on the #SuperSoul podcast, Anthony Ray Hinton‚Äôs gripping story.‚Ä¶ https://t.co/veXimKp8vc",0.0,0.0,0.0,1.0,46
55,Oprah,Sun Jun 10 16:11:43 +0000 2018,"Great to hear from all u guys @MalikaGhosh ,@3LWTV ,@RichOnOWN ,@AshBenton ,@kenlikebarbie ! Don‚Äôt we üß°üß°Mr. Hinton.
#TheSunDoesShine",0.6588,0.226,0.0,0.774,45
56,Oprah,Sun Jun 10 14:34:08 +0000 2018,Hope u can join me on Facebook or OWN.. in half hr. And meet this remarkable man. https://t.co/cOxPEMLXfd,0.8537,0.4,0.0,0.6,44
57,Oprah,Sat Jun 09 12:48:36 +0000 2018,"SuperSoulers, this man is incredible. You‚Äôll see why after this interview. Anthony Ray Hinton, author of my new Boo‚Ä¶ https://t.co/wOJ4FOD0ZI",0.0,0.0,0.0,1.0,43
58,Oprah,Thu Jun 07 22:00:04 +0000 2018,Seeing everything under one roof brought tears to my eyes. Thanks Lonnie Bunch for giving @GayleKing and I a sneak‚Ä¶ https://t.co/mhWQ6A5UOz,0.5267,0.228,0.082,0.69,42
59,Oprah,Wed Jun 06 21:00:02 +0000 2018,Wednesday‚Ä¶favorite night of the week! Who‚Äôs ready for new #QUEENSUGAR tonight??? https://t.co/OhNnnjnNpy,0.5158,0.232,0.0,0.768,41
60,Oprah,Tue Jun 05 14:13:53 +0000 2018,RT @CBSThisMorning: COMING UP: @Oprah and @GayleKing will be live on our Facebook page at 10:15a with the author of her latest book club pi‚Ä¶,0.0,0.0,0.0,1.0,40
61,Oprah,Tue Jun 05 14:09:11 +0000 2018,Going LIVE on Facebook with Gayle and a man you need to know.. Anthony Ray Hinton.. join us at 10:15 https://t.co/mOBFklOe3s,0.296,0.104,0.0,0.896,39
62,Oprah,Tue Jun 05 13:00:02 +0000 2018,"Book Club friends, I‚Äôm SO passionate about my next pick. The Sun Does Shine by Anthony Ray Hinton. This unimaginabl‚Ä¶ https://t.co/EK74nwvxEE",0.8189,0.284,0.0,0.716,38
63,Oprah,Sat Jun 02 17:01:38 +0000 2018,"Grammy-Award winning musician, author, philanthropist and ‚Äútechie‚Äù‚Ä¶@iamwill is keeping busy! See what Will‚Äôs been u‚Ä¶ https://t.co/dh1Bn17YCp",0.5707,0.198,0.0,0.802,37
64,Oprah,Wed May 30 18:16:11 +0000 2018,"Alright Sugar fans, how are you holding up after last night? Double dose of #QUEENSUGAR continues tonight, 10|9c. F‚Ä¶ https://t.co/drYCMGBjro",0.25,0.095,0.0,0.905,36
65,Oprah,Wed May 30 03:49:13 +0000 2018,@RhapsoDani were you watching tonight? #queensugar,0.0,0.0,0.0,1.0,35
66,Oprah,Wed May 30 02:58:09 +0000 2018,Don‚Äôt change Nothin‚Äô #QueenSugar https://t.co/DAm6Cz3Upz,0.0,0.0,0.0,1.0,34
67,Oprah,Wed May 30 02:55:36 +0000 2018,Results? #QueenSugar,0.0,0.0,0.0,1.0,33
68,Oprah,Wed May 30 02:53:40 +0000 2018,@Chosenvessel104 @QueenSugarOWN 2018 kids don‚Äôt get ‚Äòem. That‚Äôs a good thing right?,0.4404,0.225,0.0,0.775,32
69,Oprah,Wed May 30 02:52:33 +0000 2018,Same officer.. that‚Äôs for sure! #queensugar,0.3802,0.341,0.0,0.659,31
70,Oprah,Wed May 30 02:02:55 +0000 2018,Come on y‚Äôall..#GimmeSugar #SugarTime #QUEENSUGAR  season 3!!! üëèüèΩüëèüèΩüëèüèΩ,0.0,0.0,0.0,1.0,30
71,Oprah,Tue May 29 18:10:30 +0000 2018,Counting down the hours for new #QUEENSUGAR! Who‚Äôs watching with me and @Ava? üëãüèæ,0.5411,0.17,0.0,0.83,29
72,Oprah,Mon May 28 13:01:54 +0000 2018,"I see you‚Ä¶I KNOW you‚Äôre ready, Sweeties! #QUEENSUGAR two-night season premiere event starts this Tuesday, May 29 at‚Ä¶ https://t.co/d1MEj8rN3s",0.7088,0.269,0.0,0.731,28
73,Oprah,Tue May 15 19:45:00 +0000 2018,"Nothing else like it on TV. A new romantic series comes to OWN, June 19. Drum roll, please‚Ä¶here‚Äôs your first look a‚Ä¶ https://t.co/mcOyJoQHSv",0.1506,0.109,0.085,0.806,27
74,Oprah,Tue May 15 17:45:00 +0000 2018,"The Bordelons aren‚Äôt playing games! Getting close, Sweeties‚Ä¶only two weeks until the two-night season premiere of‚Ä¶ https://t.co/ItAcinKcZb",0.2714,0.116,0.0,0.884,26
75,Oprah,Sat May 12 15:00:01 +0000 2018,What‚Äôs the #1reason we often repeat our mistakes? @DrPhil is a master at understanding human behavior and helping u‚Ä¶ https://t.co/dNMKWkSpwm,-0.0772,0.101,0.115,0.783,25
76,Oprah,Fri May 11 22:17:55 +0000 2018,"We‚Äôre baaack! #WrinkleInTime is in theaters again this weekend. Moms and kids, experience the magic together.‚Ä¶ https://t.co/4YoEg4hOGa",0.0,0.0,0.0,1.0,24
77,Oprah,Tue May 08 17:30:01 +0000 2018,I have ALWAYS wanted to work with @MaraBrockAkil &amp; @TheSalimAkil and it‚Äôs finally happening! Who didn‚Äôt love Girlfr‚Ä¶ https://t.co/mXdEaKwV68,0.6696,0.209,0.0,0.791,23
78,Oprah,Sat Apr 21 16:54:30 +0000 2018,"Come on, @AmySchumer! üíÉüèæ You can catch our conversation on my Facebook page tomorrow. https://t.co/COqV0iin2z",0.0,0.0,0.0,1.0,22
79,Oprah,Fri Apr 20 12:00:01 +0000 2018,We both knew it just had to happen one day. And it finally did. Our first Hellooooo! Go see #IFeelPretty on Friday.‚Ä¶ https://t.co/r8I9qKFMWq,0.0,0.0,0.0,1.0,21
80,Oprah,Thu Apr 19 17:12:53 +0000 2018,"A legacy worth fighting for. Season 3 is almost here, sweeties! #QUEENSUGAR https://t.co/KwB3Z3JUjB",0.364,0.323,0.161,0.516,20
81,Oprah,Tue Apr 10 01:31:48 +0000 2018,I read every article. This issue remarkable.Great job.  @NatGeo https://t.co/AY8Ims8AhH,0.0,0.0,0.0,1.0,19
82,Oprah,Mon Apr 09 01:07:11 +0000 2018,"@JeffFager Jeff, proud of the 60team for this powerful piece. #60Minutes",0.7469,0.414,0.0,0.586,18
83,Oprah,Mon Apr 09 01:01:57 +0000 2018,RT @JeffFager: America's history with lynching is disturbing and shocking. @Oprah takes us on a tour of a new memorial covering 70 years of‚Ä¶,-0.7184,0.0,0.231,0.769,17
84,Oprah,Sun Apr 08 18:00:01 +0000 2018,"Tonight on @60minutes, we go inside The National Memorial for Peace and Justice. 805 steel markers, each bearing th‚Ä¶ https://t.co/M3hDLdUmLy",0.7845,0.277,0.0,0.723,16
85,Oprah,Sun Apr 08 03:52:07 +0000 2018,"We could listen to you all day, @Lin_Manuel! Hamilton fans, gather ‚Äòround‚Äîour #SuperSoul conversation streams on my‚Ä¶ https://t.co/v3c2DmEm7h",0.0,0.0,0.0,1.0,15
86,Oprah,Tue Mar 27 04:45:26 +0000 2018,@floydwilliams14 @ava @LightworkerNews @LightWorkers @2pacnow @SelfInspiredLUV My Faaavorite line in the movie!  An‚Ä¶ https://t.co/KghEenHsrX,0.0,0.0,0.0,1.0,14
87,Oprah,Sun Mar 25 02:25:07 +0000 2018,@3LWTV @rempower @ava @QueenSugarOWN @katcandler I understand! They‚Äôre Real to me too. #QueenSugar,0.0,0.0,0.0,1.0,13
88,Oprah,Sun Mar 25 02:20:45 +0000 2018,@rempower @ava @QueenSugarOWN @katcandler All I can say.. You will not be disappointed! #QueenSugar,0.4303,0.192,0.0,0.808,12
89,Oprah,Sun Mar 25 02:17:41 +0000 2018,@ava @QueenSugarOWN @katcandler Hey Yall! #GimmeSugar,0.0,0.0,0.0,1.0,11
90,Oprah,Sun Mar 25 02:16:47 +0000 2018,@RealJohnGray agree she needs to read the autopsy. #BookofJohnGray,0.3612,0.238,0.0,0.762,10
91,Oprah,Sun Mar 25 01:59:40 +0000 2018,@3LWTV @IyanlaVanzant @OWNTV Agree All 3 parts were revolutionary!,0.4199,0.285,0.0,0.715,9
92,Oprah,Sun Mar 18 01:59:57 +0000 2018,@PoeticJusticeK Definitely better off with the grandma.,0.6808,0.528,0.0,0.472,8
93,Oprah,Sun Mar 18 01:45:05 +0000 2018,A Lot ain‚Äôt addin‚Äô up! #FixMyLife,0.0,0.0,0.0,1.0,7
94,Oprah,Sun Mar 18 01:44:19 +0000 2018,@mariaturner9 @OWNTV Was she in rehab 20 yrs??!,0.0,0.0,0.0,1.0,6
95,Oprah,Sun Mar 18 01:42:59 +0000 2018,"Let‚Äôs just say it @IyanlaVanzant is a mighty, mighty Healer! #FixMyLife",0.0,0.0,0.0,1.0,5
96,Oprah,Sun Mar 18 01:25:10 +0000 2018,@SimpleeKei They represent millions of our broken men. #FixMyLife,-0.4767,0.0,0.279,0.721,4
97,Oprah,Sun Mar 18 01:23:32 +0000 2018,@MsCharity429 @OWNTV @IyanlaVanzant Indeed at the soul  root of it everybody WANTS the same thing. To be loved abd‚Ä¶ https://t.co/oEsxrAKtxa,0.5994,0.17,0.0,0.83,3
98,Oprah,Sun Mar 18 01:21:16 +0000 2018,@renee_ike640 @IyanlaVanzant @OWNTV No.. not that easy. But this is a great start!,0.7383,0.337,0.097,0.567,2
99,Oprah,Sun Mar 18 01:14:37 +0000 2018,@cvdillard Agree Coshandra.,0.3612,0.556,0.0,0.444,1
100,KimKardashian,Thu Jun 28 00:37:10 +0000 2018,RT @kkwbeauty: Today is the LAST DAY to enter for a chance to meet @KimKardashian and @MakeupByMario at our #KKWBEAUTY Pop-Up! Find out how‚Ä¶,0.3164,0.094,0.0,0.906,100
101,KimKardashian,Wed Jun 27 22:57:38 +0000 2018,RT @MUNCHKiN_XO: Whatever happened to Kim and @khloekardashian taking something? ü§î https://t.co/V9lnFh5bZb,0.0,0.0,0.0,1.0,99
102,KimKardashian,Wed Jun 27 21:50:27 +0000 2018,"RT @KimKanyeKimYeFC: ALL the @kkwbeauty products @KylieJenner used in her VOGUE Beauty Tutorial. 
WATCH in full here - https://t.co/NfsGCNE‚Ä¶",0.5859,0.183,0.0,0.817,98
103,KimKardashian,Wed Jun 27 21:46:25 +0000 2018,Gorgeous!!!!! I see that @kkwbeauty üíï https://t.co/dtuL2BxAHC,0.0,0.0,0.0,1.0,97
104,KimKardashian,Wed Jun 27 21:43:18 +0000 2018,Okkkkkurrrrr üí∏üí∏üí∏ https://t.co/TAZrkvF2iY,0.0,0.0,0.0,1.0,96
105,KimKardashian,Wed Jun 27 21:40:54 +0000 2018,RT @AsyaKardashian: #HappyBirthdayKhlo√© ‚ù§Ô∏è https://t.co/eSQ39YS1sF,0.0,0.0,0.0,1.0,95
106,KimKardashian,Wed Jun 27 21:40:51 +0000 2018,RT @AsyaKardashian: #HappyBirthdayKhlo√© ‚ù§Ô∏è https://t.co/e4bAMvfpzL,0.0,0.0,0.0,1.0,94
107,KimKardashian,Wed Jun 27 21:22:05 +0000 2018,"SPF is a non-negotiable in my daytime skincare routine, but I also need my makeup to look flawless. I finally found‚Ä¶ https://t.co/CPiwQGNcEQ",0.6652,0.198,0.0,0.802,93
108,KimKardashian,Wed Jun 27 16:26:16 +0000 2018,Happy Birthday to one of my favorite souls on this planet! @khloekardashian This year u have shown strength like no‚Ä¶ https://t.co/8uZ6Gulj5r,0.9134,0.442,0.0,0.558,92
109,KimKardashian,Wed Jun 27 15:38:24 +0000 2018,"RT @kkwbeauty: The full #KKWXMARIO collection (bundle, palette, lipstick &amp; glosses) is back in stock Friday, 06.29 at 12PM PST at https://t‚Ä¶",0.0,0.0,0.0,1.0,91
110,KimKardashian,Wed Jun 27 15:36:43 +0000 2018,Want to meet me &amp; @MakeupByMario on June 30? Today is the last day to enter! All you have to do is submit your entr‚Ä¶ https://t.co/CIOc7hysP1,0.1511,0.06,0.0,0.94,90
111,KimKardashian,Tue Jun 26 23:50:28 +0000 2018,üíã https://t.co/sDkjgI04ap,0.4215,0.583,0.0,0.417,89
112,KimKardashian,Tue Jun 26 23:49:41 +0000 2018,üíã https://t.co/aIOoRRFyJA,0.4215,0.583,0.0,0.417,88
113,KimKardashian,Tue Jun 26 23:49:32 +0000 2018,üíã https://t.co/fE5HqvPCwJ,0.4215,0.583,0.0,0.417,87
114,KimKardashian,Tue Jun 26 22:29:53 +0000 2018,OMG this is soooo good!!!!! https://t.co/KOe0zPFmeR,0.0,0.0,0.0,1.0,86
115,KimKardashian,Tue Jun 26 22:28:31 +0000 2018,RT @edwardbarsamian: ARMENIA! starting at @metmuseum on 9/22 - info here + follow #MetArmenia: https://t.co/D2PqWrLaEV https://t.co/94FQ0cS‚Ä¶,0.0,0.0,0.0,1.0,85
116,KimKardashian,Tue Jun 26 21:37:13 +0000 2018,üòç https://t.co/yRRmL0ezam,0.4588,0.429,0.0,0.571,84
117,KimKardashian,Tue Jun 26 19:38:31 +0000 2018,üíã https://t.co/z2p4vRjqqS,0.4215,0.583,0.0,0.417,83
118,KimKardashian,Tue Jun 26 19:38:23 +0000 2018,üíó https://t.co/wcMIsZn35h,0.1779,0.459,0.0,0.541,82
119,KimKardashian,Tue Jun 26 18:02:18 +0000 2018,WTP https://t.co/bwSfI5NgB9,0.0,0.0,0.0,1.0,81
120,KimKardashian,Thu Jun 28 00:37:10 +0000 2018,RT @kkwbeauty: Today is the LAST DAY to enter for a chance to meet @KimKardashian and @MakeupByMario at our #KKWBEAUTY Pop-Up! Find out how‚Ä¶,0.3164,0.094,0.0,0.906,80
121,KimKardashian,Wed Jun 27 22:57:38 +0000 2018,RT @MUNCHKiN_XO: Whatever happened to Kim and @khloekardashian taking something? ü§î https://t.co/V9lnFh5bZb,0.0,0.0,0.0,1.0,79
122,KimKardashian,Wed Jun 27 21:50:27 +0000 2018,"RT @KimKanyeKimYeFC: ALL the @kkwbeauty products @KylieJenner used in her VOGUE Beauty Tutorial. 
WATCH in full here - https://t.co/NfsGCNE‚Ä¶",0.5859,0.183,0.0,0.817,78
123,KimKardashian,Wed Jun 27 21:46:25 +0000 2018,Gorgeous!!!!! I see that @kkwbeauty üíï https://t.co/dtuL2BxAHC,0.0,0.0,0.0,1.0,77
124,KimKardashian,Wed Jun 27 21:43:18 +0000 2018,Okkkkkurrrrr üí∏üí∏üí∏ https://t.co/TAZrkvF2iY,0.0,0.0,0.0,1.0,76
125,KimKardashian,Wed Jun 27 21:40:54 +0000 2018,RT @AsyaKardashian: #HappyBirthdayKhlo√© ‚ù§Ô∏è https://t.co/eSQ39YS1sF,0.0,0.0,0.0,1.0,75
126,KimKardashian,Wed Jun 27 21:40:51 +0000 2018,RT @AsyaKardashian: #HappyBirthdayKhlo√© ‚ù§Ô∏è https://t.co/e4bAMvfpzL,0.0,0.0,0.0,1.0,74
127,KimKardashian,Wed Jun 27 21:22:05 +0000 2018,"SPF is a non-negotiable in my daytime skincare routine, but I also need my makeup to look flawless. I finally found‚Ä¶ https://t.co/CPiwQGNcEQ",0.6652,0.198,0.0,0.802,73
128,KimKardashian,Wed Jun 27 16:26:16 +0000 2018,Happy Birthday to one of my favorite souls on this planet! @khloekardashian This year u have shown strength like no‚Ä¶ https://t.co/8uZ6Gulj5r,0.9134,0.442,0.0,0.558,72
129,KimKardashian,Wed Jun 27 15:38:24 +0000 2018,"RT @kkwbeauty: The full #KKWXMARIO collection (bundle, palette, lipstick &amp; glosses) is back in stock Friday, 06.29 at 12PM PST at https://t‚Ä¶",0.0,0.0,0.0,1.0,71
130,KimKardashian,Wed Jun 27 15:36:43 +0000 2018,Want to meet me &amp; @MakeupByMario on June 30? Today is the last day to enter! All you have to do is submit your entr‚Ä¶ https://t.co/CIOc7hysP1,0.1511,0.06,0.0,0.94,70
131,KimKardashian,Tue Jun 26 23:50:28 +0000 2018,üíã https://t.co/sDkjgI04ap,0.4215,0.583,0.0,0.417,69
132,KimKardashian,Tue Jun 26 23:49:41 +0000 2018,üíã https://t.co/aIOoRRFyJA,0.4215,0.583,0.0,0.417,68
133,KimKardashian,Tue Jun 26 23:49:32 +0000 2018,üíã https://t.co/fE5HqvPCwJ,0.4215,0.583,0.0,0.417,67
134,KimKardashian,Tue Jun 26 22:29:53 +0000 2018,OMG this is soooo good!!!!! https://t.co/KOe0zPFmeR,0.0,0.0,0.0,1.0,66
135,KimKardashian,Tue Jun 26 22:28:31 +0000 2018,RT @edwardbarsamian: ARMENIA! starting at @metmuseum on 9/22 - info here + follow #MetArmenia: https://t.co/D2PqWrLaEV https://t.co/94FQ0cS‚Ä¶,0.0,0.0,0.0,1.0,65
136,KimKardashian,Tue Jun 26 21:37:13 +0000 2018,üòç https://t.co/yRRmL0ezam,0.4588,0.429,0.0,0.571,64
137,KimKardashian,Tue Jun 26 19:38:31 +0000 2018,üíã https://t.co/z2p4vRjqqS,0.4215,0.583,0.0,0.417,63
138,KimKardashian,Tue Jun 26 19:38:23 +0000 2018,üíó https://t.co/wcMIsZn35h,0.1779,0.459,0.0,0.541,62
139,KimKardashian,Tue Jun 26 18:02:18 +0000 2018,WTP https://t.co/bwSfI5NgB9,0.0,0.0,0.0,1.0,61
140,KimKardashian,Tue Jun 26 16:22:05 +0000 2018,#KKWXMARIO Collection restocks in 3 DAYS on 6.29 at 12PM PST only at https://t.co/PoBZ3bhjs8 https://t.co/g87Y3ZwVvX,0.0,0.0,0.0,1.0,60
141,KimKardashian,Tue Jun 26 14:17:57 +0000 2018,RT @narcicismo: so many moods in one picture. https://t.co/ycHHai2wK2,0.0,0.0,0.0,1.0,59
142,KimKardashian,Tue Jun 26 14:07:25 +0000 2018,"RT @AsyaKardashian: Happy Birthday , Ari üíú @ArianaGrande https://t.co/YcnSP6fxYh",0.5719,0.316,0.0,0.684,58
143,KimKardashian,Tue Jun 26 14:07:23 +0000 2018,RT @AsyaKardashian: #HappyBirthdayAriana ‚ù§Ô∏è https://t.co/96alWy2ZY8,0.0,0.0,0.0,1.0,57
144,KimKardashian,Tue Jun 26 13:51:07 +0000 2018,"RT @KIMWESTSOURCE_: ‚ùï#KKWBEAUTY RESTOCK ALERT‚ùï
The #KKWxMARIO Collection restocks in 3 days, on 6.29 at 12PM PST ‚Äî Only on https://t.co/Z16‚Ä¶",0.0,0.0,0.0,1.0,56
145,KimKardashian,Tue Jun 26 00:53:37 +0000 2018,üòç WOW üòç https://t.co/kW3uM8EcgY,0.8893,0.601,0.0,0.399,55
146,KimKardashian,Mon Jun 25 23:33:47 +0000 2018,Happy Birthday @lala Love you so much! Thanks for ALWAYS being there!!! https://t.co/Mc9IYRNC1X,0.9224,0.55,0.0,0.45,54
147,KimKardashian,Mon Jun 25 22:35:12 +0000 2018,KKW BEAUTY POP-UP üíã https://t.co/7DEXzBN4oQ,0.8091,0.647,0.0,0.353,53
148,KimKardashian,Mon Jun 25 22:24:47 +0000 2018,.@lala and I answer your most-asked questions!! https://t.co/l7TksBSieE,0.0,0.0,0.0,1.0,52
149,KimKardashian,Mon Jun 25 21:26:22 +0000 2018,RT @MUNCHKiN_XO: Happy Birthday to @lala! üéâ‚úåüèºüíï https://t.co/dZ042a03Wx,0.6114,0.363,0.0,0.637,51
150,KimKardashian,Mon Jun 25 20:58:30 +0000 2018,"RT @KKWMAFIA: Happy Birthday, @lala! I hope you enjoy your day! üíã https://t.co/yJ6rdv8Yu3",0.9214,0.594,0.0,0.406,50
151,KimKardashian,Mon Jun 25 18:31:35 +0000 2018,RT @kkwbeauty: The full #KKWXMARIO collection is BACK and available now exclusively at the #KKWBEAUTY Pop-Up at @WestfieldCC! Shop the bund‚Ä¶,0.0,0.0,0.0,1.0,49
152,KimKardashian,Mon Jun 25 18:30:46 +0000 2018,Stop by the Pop-Up to enter!! Last day to enter is June 27 üíã https://t.co/ItfBpYpwLb,0.2924,0.173,0.112,0.715,48
153,KimKardashian,Mon Jun 25 18:07:47 +0000 2018,"My diet for long, healthy hair https://t.co/oxeklufDiu",0.4019,0.31,0.0,0.69,47
154,KimKardashian,Mon Jun 25 15:30:46 +0000 2018,üòã yummy happy birthday!!!! https://t.co/w9dE09qs9c,0.8507,0.623,0.0,0.377,46
155,KimKardashian,Mon Jun 25 03:06:55 +0000 2018,I love you üíï https://t.co/oXW4tMi0zB,0.6369,0.512,0.0,0.488,45
156,KimKardashian,Mon Jun 25 03:06:35 +0000 2018,Hi https://t.co/GD5Na3m69x,0.0,0.0,0.0,1.0,44
157,KimKardashian,Mon Jun 25 03:03:50 +0000 2018,It‚Äôs my home theater I can have my phone üì±üòÇüòò https://t.co/ofxWHMK5Cn,0.0,0.0,0.0,1.0,43
158,KimKardashian,Mon Jun 25 03:02:59 +0000 2018,üòÇüòò https://t.co/b32uXOoQFl,0.0,0.0,0.0,1.0,42
159,KimKardashian,Mon Jun 25 03:02:25 +0000 2018,Twinning https://t.co/wfCuKL9UkO,0.0,0.0,0.0,1.0,41
160,KimKardashian,Mon Jun 25 03:01:25 +0000 2018,Love you üòç https://t.co/w3Mw7wd8Fg,0.802,0.59,0.0,0.41,40
161,KimKardashian,Sun Jun 24 22:52:22 +0000 2018,Now watching Incredibles 2 ‚ùóÔ∏è‚ùóÔ∏è‚ùóÔ∏è‚ùóÔ∏è‚ùóÔ∏è,0.0,0.0,0.0,1.0,39
162,KimKardashian,Sun Jun 24 20:15:36 +0000 2018,üòç https://t.co/BOqITTxBTV,0.4588,0.429,0.0,0.571,38
163,KimKardashian,Sun Jun 24 19:45:00 +0000 2018,Keep them coming you guys!! üòç Love seeing you all at the @kkwbeauty pop-up! https://t.co/WV9WmcDODN,0.8433,0.335,0.0,0.665,37
164,KimKardashian,Sun Jun 24 19:32:50 +0000 2018,RT @KKHOfficial: Happy Kimiversary! We love hearing all your funny stories about how you‚Äôve become addicted to the game üòÇ https://t.co/XHMt‚Ä¶,0.9324,0.405,0.052,0.544,36
165,KimKardashian,Sun Jun 24 19:31:36 +0000 2018,RT @KimKLegion: Happy Anniversary to the game that made our summer 4 years ago by letting us wear designer clothes and travel all over the‚Ä¶,0.5719,0.139,0.0,0.861,35
166,KimKardashian,Sun Jun 24 19:31:13 +0000 2018,RT @theholykardash: Happy 4th Anniversary Kim Kardashian: Hollywood! https://t.co/5LHGyRpVO9,0.6114,0.333,0.0,0.667,34
167,KimKardashian,Sun Jun 24 16:26:07 +0000 2018,RT @kkwbeauty: Visit us at our Pop-Up at @WestfieldCC in Los Angeles and enter for a chance to meet @KimKardashian and @MakeupByMario! Find‚Ä¶,0.3164,0.098,0.0,0.902,33
168,KimKardashian,Sun Jun 24 16:09:57 +0000 2018,Can you believe it‚Äôs been 4 years since I launched the #KimKardashianGame? Thank you to all the amazing players for‚Ä¶ https://t.co/ywazyo5YJm,0.7783,0.328,0.0,0.672,32
169,KimKardashian,Sun Jun 24 04:10:44 +0000 2018,@narcicismo Happy Birthday!!!!!! Hope you have a magical birthday!,0.8302,0.564,0.0,0.436,31
170,KimKardashian,Sat Jun 23 14:42:15 +0000 2018,All of them seriously. Such a vibe https://t.co/PgY0CjcUnr,-0.1779,0.0,0.221,0.779,30
171,KimKardashian,Sat Jun 23 14:32:35 +0000 2018,RT @KimKardashian: Well I will be an even better friend and tell you to get rid of those horrendous pants!  https://t.co/FqSZN3FHK7,0.5707,0.3,0.134,0.566,29
172,KimKardashian,Sat Jun 23 14:16:39 +0000 2018,RT @bypcasso: Y‚Äôall wanted backpacker beat banger Ye back. Soooooooo #KTSE #DAYTONA #KSG #Ye #NASIR https://t.co/7fpH4BWdho,0.0,0.0,0.0,1.0,28
173,KimKardashian,Sat Jun 23 14:12:33 +0000 2018,RT @TEYANATAYLOR: KTSEEEEEEEEEEEEEEEEEEEEE https://t.co/LTYt50C2mZ,0.0,0.0,0.0,1.0,27
174,KimKardashian,Sat Jun 23 13:58:15 +0000 2018,"RT @kkwbeauty: The #KKWXMARIO collection (bundle, palette, lipstick &amp; glosses) is available for purchase TODAY exclusively at the #KKWBEAUT‚Ä¶",0.0,0.0,0.0,1.0,26
175,KimKardashian,Sat Jun 23 05:14:57 +0000 2018,"RT @LouisVuitton: .@KimKardashian and @KanyeWest at the @LouisVuitton #LVMenSS19 Show by @VirgilAbloh.
Watch the Spring-Summer 2019 Men‚Äôs S‚Ä¶",0.0,0.0,0.0,1.0,25
176,KimKardashian,Fri Jun 22 23:48:03 +0000 2018,"The full #KKWXMARIO collection (bundle, palette, lipstick &amp; glosses) is available for purchase tomorrow, 06.23, exc‚Ä¶ https://t.co/38jBBBaPw9",0.0,0.0,0.0,1.0,24
177,KimKardashian,Fri Jun 22 15:47:39 +0000 2018,My return to Paris https://t.co/8to4rseBX4,0.0,0.0,0.0,1.0,23
178,KimKardashian,Fri Jun 22 14:45:20 +0000 2018,üíã https://t.co/dq0OSZk5Pf,0.4215,0.583,0.0,0.417,22
179,KimKardashian,Fri Jun 22 14:45:10 +0000 2018,üòç https://t.co/1lJspuqMLY,0.4588,0.429,0.0,0.571,21
180,KimKardashian,Fri Jun 22 14:43:07 +0000 2018,Free continental US shipping until 12PM PST on https://t.co/PoBZ3byUQI üíã https://t.co/2kRPEapFYB,0.7269,0.379,0.0,0.621,20
181,KimKardashian,Fri Jun 22 14:41:50 +0000 2018,"RT @KKWFRAGRANCE: To celebrate @kkwbeauty‚Äôs 1 year anniversary, we are applying FREE SHIPPING on continental US orders &amp; 10% off on interna‚Ä¶",0.8286,0.289,0.0,0.711,19
182,KimKardashian,Fri Jun 22 09:30:38 +0000 2018,Thank you! I know you will love them https://t.co/HTPrFaKyPh,0.7901,0.538,0.0,0.462,18
183,KimKardashian,Fri Jun 22 08:46:22 +0000 2018,RT @kkwbeauty: Celebrate #KKWBEAUTY‚Äôs 1 Year Anniversary with us at our Pop-Up at @WestfieldCC in Los Angeles and enter for a chance to mee‚Ä¶,0.6908,0.222,0.0,0.778,17
184,KimKardashian,Fri Jun 22 08:46:13 +0000 2018,RT @kkwbeauty: Free shipping on continental US orders for 24 hours starting at 12PM PST on https://t.co/32qaKbav78. Details below! https://‚Ä¶,0.5562,0.159,0.0,0.841,16
185,KimKardashian,Fri Jun 22 08:43:25 +0000 2018,NUDE 7 üíã https://t.co/VhCIUZQBSO https://t.co/rc8ZAJ9KAT,0.4215,0.412,0.0,0.588,15
186,KimKardashian,Fri Jun 22 08:42:31 +0000 2018,Cr√®me Lipsticks in Nude 4 and 6 üòç Shop now: https://t.co/VhCIUZQBSO https://t.co/pJzCqNYTXy,0.4588,0.2,0.0,0.8,14
187,KimKardashian,Fri Jun 22 06:15:03 +0000 2018,Pulling up #KeepThatSameEnergy #TeyanaTaylor,0.0,0.0,0.0,1.0,13
188,KimKardashian,Fri Jun 22 06:14:23 +0000 2018,RT @kanyewest: https://t.co/gy60h56Izv,0.0,0.0,0.0,1.0,12
189,KimKardashian,Fri Jun 22 03:55:14 +0000 2018,This whole flight back from Paris Kanye has been finishing up Teyana‚Äôs record OMG it‚Äôs soooo good!!!!,0.0,0.0,0.0,1.0,11
190,KimKardashian,Thu Jun 21 22:39:15 +0000 2018,How to take the perfect selfie. Happy #NationalSelfieDay! https://t.co/XHRAercIcQ,0.8268,0.524,0.0,0.476,10
191,KimKardashian,Thu Jun 21 22:38:15 +0000 2018,Thank you all for an AMAZING first year of @kkwbeauty üíãüòç https://t.co/lgaPZ3WHzZ,0.7925,0.413,0.0,0.587,9
192,KimKardashian,Thu Jun 21 21:04:35 +0000 2018,My guide to treat every under-eye problem https://t.co/C3qBXUdXQC,0.0,0.237,0.237,0.526,8
193,KimKardashian,Thu Jun 21 17:11:14 +0000 2018,Which of my sisters' hairstyles should you try? https://t.co/p2tRppNHgy,0.0,0.0,0.0,1.0,7
194,KimKardashian,Thu Jun 21 17:10:27 +0000 2018,RT @kkwbeauty: Free Powder Contour Brush with any in store purchase at the #KKWBEAUTY Pop-Up for the first 100 people. Today only! Details‚Ä¶,0.5562,0.14,0.0,0.86,6
195,KimKardashian,Thu Jun 21 15:56:50 +0000 2018,Thank you Paris for the emotional trip back! üá´üá∑ I couldn‚Äôt have come for a better reason....off to Teyana‚Äôs listeni‚Ä¶ https://t.co/0oDAOFF8mA,0.7424,0.313,0.0,0.687,5
196,KimKardashian,Thu Jun 21 15:31:53 +0000 2018,"RT @kkwbeauty: Nude Lipsticks &amp; Lip Liners are back in stock TODAY at 12PM PST! To celebrate the 1 year anniversary of #KKWBEAUTY, we‚Äôre gi‚Ä¶",0.6114,0.148,0.0,0.852,4
197,KimKardashian,Thu Jun 21 15:13:38 +0000 2018,Congrats @virgilabloh on your history making @LouisVuitton Men‚Äôs Show! I‚Äôm wearing Virgil‚Äôs collection in these pic‚Ä¶ https://t.co/jFDk3tqlEe,0.5707,0.187,0.0,0.813,3
198,KimKardashian,Thu Jun 21 14:25:14 +0000 2018,üòç https://t.co/snBUArSBcX,0.4588,0.429,0.0,0.571,2
199,KimKardashian,Thu Jun 21 14:21:15 +0000 2018,@KrysJenner I hate it! They will be gone as soon as I land back home üòÇ,-0.2714,0.154,0.239,0.607,1
200,realDonaldTrump,Wed Jun 27 23:14:58 +0000 2018,Just landed in North Dakota with @SenJohnHoeven and @RepKevinCramer. We will see everyone at Scheels Arena shortly! https://t.co/pakUigKB61,0.0,0.0,0.0,1.0,100
201,realDonaldTrump,Wed Jun 27 21:18:03 +0000 2018,"Today, it was my great honor to welcome President Marcelo Rebelo de Sousa of Portugal to the @WhiteHouse!üá∫üá∏üáµüáπ https://t.co/yd37K4Ei8R",0.8908,0.398,0.0,0.602,99
202,realDonaldTrump,Wed Jun 27 20:28:58 +0000 2018,Heading to North Dakota to fully stand with and endorse Kevin Cramer for Senate. He is an extraordinary Congressman‚Ä¶ https://t.co/qMniRSctDT,0.3182,0.108,0.0,0.892,98
203,realDonaldTrump,Wed Jun 27 19:13:34 +0000 2018,Statement on Justice Anthony Kennedy. #SCOTUS https://t.co/8aWJ6fWemA,0.5267,0.362,0.0,0.638,97
204,realDonaldTrump,Wed Jun 27 17:33:03 +0000 2018,"Today, I was thrilled to join student leaders from Colleges and Universities across the country... https://t.co/OQp3NcOeE4",0.6249,0.282,0.0,0.718,96
205,realDonaldTrump,Wed Jun 27 15:26:24 +0000 2018,"Harley-Davidson should stay 100% in America, with the people that got you your success. I‚Äôve done so much for you,‚Ä¶ https://t.co/kNmruD0swh",0.5719,0.156,0.0,0.844,95
206,realDonaldTrump,Wed Jun 27 14:11:05 +0000 2018,"Supreme Court rules in favor of non-union workers who are now, as an example, able to support a candidate of his or‚Ä¶ https://t.co/zZlPRIgB26",0.8402,0.321,0.0,0.679,94
207,realDonaldTrump,Wed Jun 27 12:39:56 +0000 2018,"HOUSE REPUBLICANS SHOULD PASS THE STRONG BUT FAIR IMMIGRATION BILL, KNOWN AS GOODLATTE II, IN THEIR AFTERNOON VOTE‚Ä¶ https://t.co/7NPrGsNjNW",0.7626,0.279,0.0,0.721,93
208,realDonaldTrump,Wed Jun 27 11:18:02 +0000 2018,"Congratulations to Maxine Waters, whose crazy rants have made her, together with Nancy Pelosi, the unhinged FACE of‚Ä¶ https://t.co/CusnE1izm7",0.0516,0.159,0.191,0.65,92
209,realDonaldTrump,Wed Jun 27 03:52:16 +0000 2018,Big and conclusive win by Mitt Romney. Congratulations! I look forward to working together - there is so much good‚Ä¶ https://t.co/CqjLaLDkkc,0.8398,0.32,0.0,0.68,91
210,realDonaldTrump,Wed Jun 27 02:59:30 +0000 2018,The legendary Gary Player at Turnberry in Scotland! https://t.co/3oGoqWhhtA,0.0,0.0,0.0,1.0,90
211,realDonaldTrump,Wed Jun 27 02:54:46 +0000 2018,A great First Lady! https://t.co/Pt35aluI4C,0.6588,0.594,0.0,0.406,89
212,realDonaldTrump,Wed Jun 27 02:50:11 +0000 2018,RT @The_Trump_Train: @realDonaldTrump  https://t.co/9ubTCAyZkq,0.0,0.0,0.0,1.0,88
213,realDonaldTrump,Wed Jun 27 02:47:23 +0000 2018,The Democrats are in Turmoil! Open Borders and unchecked Crime a certain way to lose elections. Republicans are for‚Ä¶ https://t.co/srI2CTyDds,-0.784,0.08,0.345,0.575,87
214,realDonaldTrump,Wed Jun 27 02:18:31 +0000 2018,"Wow! Big Trump Hater Congressman Joe Crowley, who many expected was going to take Nancy Pelosi‚Äôs place, just LOST h‚Ä¶ https://t.co/4TuokLaPMJ",-0.3237,0.136,0.219,0.645,86
215,realDonaldTrump,Wed Jun 27 02:05:19 +0000 2018,"Tremendous win for Congressman Dan Donovan. You showed great courage in a tough race! New York, and my many friends‚Ä¶ https://t.co/JvRCgZpcG8",0.8977,0.394,0.052,0.554,85
216,realDonaldTrump,Wed Jun 27 01:52:50 +0000 2018,Congratulations to Governor Henry McMaster on your BIG election win! South Carolina loves you. We are all proud of‚Ä¶ https://t.co/jWLZKh1S99,0.9412,0.48,0.0,0.52,84
217,realDonaldTrump,Tue Jun 26 20:12:05 +0000 2018,"Today, we tell the story of an incredible HERO who defended our nation in World War Two ‚Äì First Lieutenant Garlin M‚Ä¶ https://t.co/nrpii7C3KK",0.1111,0.153,0.138,0.708,83
218,realDonaldTrump,Tue Jun 26 14:40:42 +0000 2018,SUPREME COURT UPHOLDS TRUMP TRAVEL BAN. Wow!,0.6239,0.503,0.259,0.239,82
219,realDonaldTrump,Tue Jun 26 13:30:44 +0000 2018,‚ÄúThe most profound question of our era: Was there a conspiracy in the Obama Department of Justice and the FBI to pr‚Ä¶ https://t.co/EY5JfbWzmt,0.0,0.127,0.127,0.746,81
220,realDonaldTrump,Wed Jun 27 23:14:58 +0000 2018,Just landed in North Dakota with @SenJohnHoeven and @RepKevinCramer. We will see everyone at Scheels Arena shortly! https://t.co/pakUigKB61,0.0,0.0,0.0,1.0,80
221,realDonaldTrump,Wed Jun 27 21:18:03 +0000 2018,"Today, it was my great honor to welcome President Marcelo Rebelo de Sousa of Portugal to the @WhiteHouse!üá∫üá∏üáµüáπ https://t.co/yd37K4Ei8R",0.8908,0.398,0.0,0.602,79
222,realDonaldTrump,Wed Jun 27 20:28:58 +0000 2018,Heading to North Dakota to fully stand with and endorse Kevin Cramer for Senate. He is an extraordinary Congressman‚Ä¶ https://t.co/qMniRSctDT,0.3182,0.108,0.0,0.892,78
223,realDonaldTrump,Wed Jun 27 19:13:34 +0000 2018,Statement on Justice Anthony Kennedy. #SCOTUS https://t.co/8aWJ6fWemA,0.5267,0.362,0.0,0.638,77
224,realDonaldTrump,Wed Jun 27 17:33:03 +0000 2018,"Today, I was thrilled to join student leaders from Colleges and Universities across the country... https://t.co/OQp3NcOeE4",0.6249,0.282,0.0,0.718,76
225,realDonaldTrump,Wed Jun 27 15:26:24 +0000 2018,"Harley-Davidson should stay 100% in America, with the people that got you your success. I‚Äôve done so much for you,‚Ä¶ https://t.co/kNmruD0swh",0.5719,0.156,0.0,0.844,75
226,realDonaldTrump,Wed Jun 27 14:11:05 +0000 2018,"Supreme Court rules in favor of non-union workers who are now, as an example, able to support a candidate of his or‚Ä¶ https://t.co/zZlPRIgB26",0.8402,0.321,0.0,0.679,74
227,realDonaldTrump,Wed Jun 27 12:39:56 +0000 2018,"HOUSE REPUBLICANS SHOULD PASS THE STRONG BUT FAIR IMMIGRATION BILL, KNOWN AS GOODLATTE II, IN THEIR AFTERNOON VOTE‚Ä¶ https://t.co/7NPrGsNjNW",0.7626,0.279,0.0,0.721,73
228,realDonaldTrump,Wed Jun 27 11:18:02 +0000 2018,"Congratulations to Maxine Waters, whose crazy rants have made her, together with Nancy Pelosi, the unhinged FACE of‚Ä¶ https://t.co/CusnE1izm7",0.0516,0.159,0.191,0.65,72
229,realDonaldTrump,Wed Jun 27 03:52:16 +0000 2018,Big and conclusive win by Mitt Romney. Congratulations! I look forward to working together - there is so much good‚Ä¶ https://t.co/CqjLaLDkkc,0.8398,0.32,0.0,0.68,71
230,realDonaldTrump,Wed Jun 27 02:59:30 +0000 2018,The legendary Gary Player at Turnberry in Scotland! https://t.co/3oGoqWhhtA,0.0,0.0,0.0,1.0,70
231,realDonaldTrump,Wed Jun 27 02:54:46 +0000 2018,A great First Lady! https://t.co/Pt35aluI4C,0.6588,0.594,0.0,0.406,69
232,realDonaldTrump,Wed Jun 27 02:50:11 +0000 2018,RT @The_Trump_Train: @realDonaldTrump  https://t.co/9ubTCAyZkq,0.0,0.0,0.0,1.0,68
233,realDonaldTrump,Wed Jun 27 02:47:23 +0000 2018,The Democrats are in Turmoil! Open Borders and unchecked Crime a certain way to lose elections. Republicans are for‚Ä¶ https://t.co/srI2CTyDds,-0.784,0.08,0.345,0.575,67
234,realDonaldTrump,Wed Jun 27 02:18:31 +0000 2018,"Wow! Big Trump Hater Congressman Joe Crowley, who many expected was going to take Nancy Pelosi‚Äôs place, just LOST h‚Ä¶ https://t.co/4TuokLaPMJ",-0.3237,0.136,0.219,0.645,66
235,realDonaldTrump,Wed Jun 27 02:05:19 +0000 2018,"Tremendous win for Congressman Dan Donovan. You showed great courage in a tough race! New York, and my many friends‚Ä¶ https://t.co/JvRCgZpcG8",0.8977,0.394,0.052,0.554,65
236,realDonaldTrump,Wed Jun 27 01:52:50 +0000 2018,Congratulations to Governor Henry McMaster on your BIG election win! South Carolina loves you. We are all proud of‚Ä¶ https://t.co/jWLZKh1S99,0.9412,0.48,0.0,0.52,64
237,realDonaldTrump,Tue Jun 26 20:12:05 +0000 2018,"Today, we tell the story of an incredible HERO who defended our nation in World War Two ‚Äì First Lieutenant Garlin M‚Ä¶ https://t.co/nrpii7C3KK",0.1111,0.153,0.138,0.708,63
238,realDonaldTrump,Tue Jun 26 14:40:42 +0000 2018,SUPREME COURT UPHOLDS TRUMP TRAVEL BAN. Wow!,0.6239,0.503,0.259,0.239,62
239,realDonaldTrump,Tue Jun 26 13:30:44 +0000 2018,‚ÄúThe most profound question of our era: Was there a conspiracy in the Obama Department of Justice and the FBI to pr‚Ä¶ https://t.co/EY5JfbWzmt,0.0,0.127,0.127,0.746,61
240,realDonaldTrump,Tue Jun 26 12:36:18 +0000 2018,"The face of the Democrats is now Maxine Waters who, together with Nancy Pelosi, have established a fine leadership‚Ä¶ https://t.co/k95es4evL2",0.2023,0.091,0.0,0.909,60
241,realDonaldTrump,Tue Jun 26 12:17:49 +0000 2018,A Harley-Davidson should never be built in another country-never! Their employees and customers are already very an‚Ä¶ https://t.co/iTUQaIXwHJ,0.0,0.0,0.0,1.0,59
242,realDonaldTrump,Tue Jun 26 11:57:00 +0000 2018,"It was great being with Governor Henry McMaster last night in South Carolina. Henry is tough on Crime and Borders,‚Ä¶ https://t.co/XPG4k94aRL",0.0258,0.151,0.185,0.664,58
243,realDonaldTrump,Tue Jun 26 11:49:57 +0000 2018,....We are finishing our study of Tariffs on cars from the E.U. in that they have long taken advantage of the U.S.‚Ä¶ https://t.co/MOBnXWSfYl,0.25,0.083,0.0,0.917,57
244,realDonaldTrump,Tue Jun 26 11:37:51 +0000 2018,"....When I had Harley-Davidson officials over to the White House, I chided them about tariffs in other countries, l‚Ä¶ https://t.co/PhSv1BSMYa",0.0,0.0,0.0,1.0,56
245,realDonaldTrump,Tue Jun 26 11:25:01 +0000 2018,....We are getting other countries to reduce and eliminate tariffs and trade barriers that have been unfairly used‚Ä¶ https://t.co/n5sU0778dD,0.0,0.0,0.0,1.0,55
246,realDonaldTrump,Tue Jun 26 11:16:36 +0000 2018,Early this year Harley-Davidson said they would move much of their plant operations in Kansas City to Thailand. Tha‚Ä¶ https://t.co/uDeWOh3mWJ,0.0,0.0,0.0,1.0,54
247,realDonaldTrump,Tue Jun 26 01:35:03 +0000 2018,Thank you South Carolina. Now let‚Äôs get out tomorrow and VOTE for @HenryMcMaster! https://t.co/5xlz0wfMfu,0.4199,0.177,0.0,0.823,53
248,realDonaldTrump,Mon Jun 25 23:44:36 +0000 2018,Just landed in South Carolina - will be at the McMaster rally shortly! #MAGA,0.0,0.0,0.0,1.0,52
249,realDonaldTrump,Mon Jun 25 23:30:34 +0000 2018,The hearing of Peter Strzok and the other hating frauds at the FBI &amp; DOJ should be shown to the public on live tele‚Ä¶ https://t.co/TFLQ7s7kmy,-0.765,0.0,0.223,0.777,51
250,realDonaldTrump,Mon Jun 25 23:22:12 +0000 2018,"Why is Senator Mark Warner (D-VA), perhaps in a near drunken state, claiming he has information that only he and Bo‚Ä¶ https://t.co/oumPE3BtVX",0.0,0.0,0.0,1.0,50
251,realDonaldTrump,Mon Jun 25 23:11:24 +0000 2018,"RT @WhiteHouse: Today, @realDonaldTrump and @FLOTUS welcomed @KingAbdullahII and @QueenRania of the Hashemite Kingdom of Jordan to the Whit‚Ä¶",0.34,0.118,0.0,0.882,49
252,realDonaldTrump,Mon Jun 25 23:06:56 +0000 2018,‚ÄúDirector David Lynch: Trump Could Go Down as One of the Greatest Presidents‚Äù https://t.co/AcgnIZNh6e,0.6369,0.244,0.0,0.756,48
253,realDonaldTrump,Mon Jun 25 21:28:06 +0000 2018,"Surprised that Harley-Davidson, of all companies, would be the first to wave the White Flag. I fought hard for them‚Ä¶ https://t.co/cTQIqsyfbK",-0.2023,0.084,0.164,0.752,47
254,realDonaldTrump,Mon Jun 25 17:11:17 +0000 2018,"Congresswoman Maxine Waters, an extraordinarily low IQ person, has become, together with Nancy Pelosi, the Face of‚Ä¶ https://t.co/iZvAew0qOB",-0.2732,0.0,0.11,0.89,46
255,realDonaldTrump,Mon Jun 25 16:58:59 +0000 2018,RT @EricTrump: Record High Economic Optimism: 51% of people think the the economy is good or excellent - this is the highest number @CNBC h‚Ä¶,0.886,0.363,0.0,0.637,45
256,realDonaldTrump,Mon Jun 25 16:58:53 +0000 2018,"RT @TrumpGolf: Congratulations to our dear friend and @TrumpCharlotte member, @ScottMcCarron, on his incredible win at the @AmFamChamp this‚Ä¶",0.926,0.474,0.0,0.526,44
257,realDonaldTrump,Mon Jun 25 14:39:20 +0000 2018,RT @marcorubio: Trump haters still haven‚Äôt realized how much they help him with their condescension of those who either voted for him or do‚Ä¶,-0.128,0.097,0.115,0.789,43
258,realDonaldTrump,Mon Jun 25 14:36:39 +0000 2018,"Will be heading to one of my favorite places, South Carolina, to fight for one of my original ‚Äúfighters,‚Äù Governor‚Ä¶ https://t.co/WUmWQiimJq",0.4019,0.205,0.1,0.695,42
259,realDonaldTrump,Mon Jun 25 12:54:25 +0000 2018,"....If this is done, illegal immigration will be stopped in it‚Äôs tracks - and at very little, by comparison, cost.‚Ä¶ https://t.co/HDii4VkUNc",-0.6705,0.0,0.234,0.766,41
260,realDonaldTrump,Mon Jun 25 12:43:00 +0000 2018,"Hiring manythousands of judges, and going through a long and complicated legal process, is not the way to go - will‚Ä¶ https://t.co/try3EcJSAJ",0.128,0.073,0.0,0.927,40
261,realDonaldTrump,Mon Jun 25 12:36:29 +0000 2018,Such a difference in the media coverage of the same immigration policies between the Obama Administration and ours.‚Ä¶ https://t.co/SIv7btegSk,0.0,0.0,0.0,1.0,39
262,realDonaldTrump,Mon Jun 25 12:02:21 +0000 2018,"I have tried to stay uninvolved with the Department of Justice and FBI (although I do not legally have to), because‚Ä¶ https://t.co/rBebc0GHdb",-0.0248,0.137,0.181,0.683,38
263,realDonaldTrump,Mon Jun 25 11:41:25 +0000 2018,"The Red Hen Restaurant should focus more on cleaning its filthy canopies, doors and windows (badly needs a paint jo‚Ä¶ https://t.co/CObp1kkDlk",0.0,0.0,0.0,1.0,37
264,realDonaldTrump,Mon Jun 25 11:28:48 +0000 2018,Former Attorney General Michael Mukasey said that President Trump is probably correct that there was surveillance o‚Ä¶ https://t.co/O5DN6DKreR,0.0,0.0,0.0,1.0,36
265,realDonaldTrump,Mon Jun 25 01:08:19 +0000 2018,".@RepClayHiggins has been a great help to me on Cutting Taxes, creating great new healthcare programs at low cost,‚Ä¶ https://t.co/8Y4VAfVZK3",0.8885,0.441,0.121,0.438,35
266,realDonaldTrump,Mon Jun 25 00:08:51 +0000 2018,"House Republicans could easily pass a Bill on Strong Border Security but remember, it still has to pass in the Sena‚Ä¶ https://t.co/1tJeUrJyV5",0.5499,0.236,0.0,0.764,34
267,realDonaldTrump,Mon Jun 25 00:01:05 +0000 2018,.@jimmyfallon is now whimpering to all that he did the famous ‚Äúhair show‚Äù with me (where he seriously messed up my‚Ä¶ https://t.co/O7qrzxhEWv,-0.4767,0.0,0.17,0.83,33
268,realDonaldTrump,Sun Jun 24 20:12:25 +0000 2018,The United States is insisting that all countries that have placed artificial Trade Barriers and Tariffs on goods g‚Ä¶ https://t.co/5i0yZh1XSK,0.4215,0.128,0.0,0.872,32
269,realDonaldTrump,Sun Jun 24 15:08:33 +0000 2018,"....Our Immigration policy, laughed at all over the world, is very unfair to all of those people who have gone thro‚Ä¶ https://t.co/NnqUpbRHLp",-0.101,0.114,0.129,0.758,31
270,realDonaldTrump,Sun Jun 24 15:02:02 +0000 2018,"We cannot allow all of these people to invade our Country. When somebody comes in, we must immediately, with no Jud‚Ä¶ https://t.co/X8GwD9vA5p",-0.434,0.0,0.162,0.838,30
271,realDonaldTrump,Sun Jun 24 13:12:50 +0000 2018,"Democrats, fix the laws. Don‚Äôt RESIST. We are doing a far better job than Bush and Obama, but we need strength and‚Ä¶ https://t.co/0bxgKrG5Og",0.7391,0.238,0.0,0.762,29
272,realDonaldTrump,Sun Jun 24 01:43:41 +0000 2018,Major Wall Street Journal opinion piece today talking about the Russian Witch Hunt and the disgrace that it is. So‚Ä¶ https://t.co/ADkg5DLfQo,-0.6908,0.0,0.231,0.769,28
273,realDonaldTrump,Sat Jun 23 22:06:58 +0000 2018,AMERICA IS OPEN FOR BUSINESS! https://t.co/ZjdlHwJlxm,0.0,0.0,0.0,1.0,27
274,realDonaldTrump,Sat Jun 23 20:25:06 +0000 2018,Thank you @NVGOP! #MAGA https://t.co/OGTR2j6PGG,0.4199,0.411,0.0,0.589,26
275,realDonaldTrump,Sat Jun 23 17:12:03 +0000 2018,"Happy Birthday to Supreme Court Justice Clarence Thomas, a friend and great man! https://t.co/hlXYYkTjcv",0.9601,0.696,0.0,0.304,25
276,realDonaldTrump,Sat Jun 23 17:05:33 +0000 2018,"It‚Äôs very sad that Nancy Pelosi and her sidekick, Cryin‚Äô Chuck Schumer, want to protect illegal immigrants far more‚Ä¶ https://t.co/HidQanCeMr",-0.624,0.145,0.26,0.595,24
277,realDonaldTrump,Sat Jun 23 17:03:03 +0000 2018,"RT @HuckabeeOnTBN: TONIGHT: the President of the United States, @realDonaldTrump, sits down to discuss his thoughts about international rel‚Ä¶",0.4215,0.135,0.0,0.865,23
278,realDonaldTrump,Sat Jun 23 16:57:48 +0000 2018,Heading to Nevada to talk trade and immigration with supporters. Country‚Äôs economy is stronger than ever before wit‚Ä¶ https://t.co/kXEzed3ign,0.6705,0.244,0.0,0.756,22
279,realDonaldTrump,Sat Jun 23 14:53:30 +0000 2018,"My thoughts and prayers are with Representative Katie Arrington of South Carolina, including all of those involved‚Ä¶ https://t.co/s2qGDVlASC",0.0,0.0,0.0,1.0,21
280,realDonaldTrump,Sat Jun 23 14:00:19 +0000 2018,"...everyone how much he likes me, but he will only vote with Nancy Pelosi. Keith is strong on borders and tough on‚Ä¶ https://t.co/ytZoim3yaI",0.6808,0.226,0.062,0.712,20
281,realDonaldTrump,Sat Jun 23 14:00:16 +0000 2018,".@VP Pence is heading to Pittsburgh, Pennsylvania where we have both strongly endorsed one of the finest men around‚Ä¶ https://t.co/fkXBNxvWZe",0.4767,0.186,0.0,0.814,19
282,realDonaldTrump,Sat Jun 23 12:52:57 +0000 2018,"Drudge Report  ‚ÄúOBAMA KEPT THEM IN CAGES, WRAPPED THEM IN FOIL‚Äù We do a much better job while at the same time main‚Ä¶ https://t.co/niwUf6T2rg",0.4404,0.116,0.0,0.884,18
283,realDonaldTrump,Sat Jun 23 12:42:45 +0000 2018,‚ÄúDisability applications plunge as economy strengthens‚Äù  Failing New York Times,-0.5106,0.0,0.268,0.732,17
284,realDonaldTrump,Sat Jun 23 12:38:05 +0000 2018,The National Association of Manufacturers just announced that 95.1% of Manufacturers ‚Äúhave a positive outlook for t‚Ä¶ https://t.co/Xhx3FDLAxT,0.5574,0.184,0.0,0.816,16
285,realDonaldTrump,Sat Jun 23 11:36:35 +0000 2018,The Russian Witch Hunt is Rigged!,-0.6476,0.0,0.57,0.43,15
286,realDonaldTrump,Sat Jun 23 11:33:01 +0000 2018,".@FoxNews  Poll numbers plummet on the Democrat inspired and paid for Russian Witch Hunt. With all of the bias, lyi‚Ä¶ https://t.co/42rEL4UcSF",0.0772,0.127,0.155,0.717,14
287,realDonaldTrump,Sat Jun 23 11:22:24 +0000 2018,"RT @realDonaldTrump: Congressman Ron DeSantis, a top student at Yale and Harvard Law School, is running for Governor of the Great State of‚Ä¶",0.7096,0.228,0.0,0.772,13
288,realDonaldTrump,Sat Jun 23 11:21:35 +0000 2018,RT @PressSec: It‚Äôs shameful that dems and the media exploited this photo of a little girl to push their agenda. She was not separated from‚Ä¶,-0.7351,0.0,0.22,0.78,12
289,realDonaldTrump,Sat Jun 23 11:21:01 +0000 2018,RT @JesseBWatters: Will be üî•@TPUSA https://t.co/r06LyQ9Obd,0.0,0.0,0.0,1.0,11
290,realDonaldTrump,Sat Jun 23 11:19:43 +0000 2018,"RT @Scavino45: üö®Happening Now:
President Trump delivers remarks on immigration with Angel Families: https://t.co/WHGk1H7T7u https://t.co/rV‚Ä¶",0.0,0.0,0.0,1.0,10
291,realDonaldTrump,Sat Jun 23 11:19:25 +0000 2018,RT @realDonaldTrump: We are gathered today to hear directly from the AMERICAN VICTIMS of ILLEGAL IMMIGRATION. These are the American Citize‚Ä¶,-0.8109,0.0,0.279,0.721,9
292,realDonaldTrump,Sat Jun 23 11:19:05 +0000 2018,"RT @realDonaldTrump: Our first duty, and our highest loyalty, is to the citizens of the United States. We will not rest until our border is‚Ä¶",0.743,0.215,0.0,0.785,8
293,realDonaldTrump,Sat Jun 23 11:16:55 +0000 2018,RT @Scavino45: REQUESTED by family members after their private meeting and visit to the Oval Office - which took place before public remark‚Ä¶,0.0,0.0,0.0,1.0,7
294,realDonaldTrump,Sat Jun 23 11:16:26 +0000 2018,RT @SecPompeo: .@POTUS‚Äô agenda is the most pro-business agenda from a President in history. It been a game-changer for the American economi‚Ä¶,0.0,0.0,0.0,1.0,6
295,realDonaldTrump,Sat Jun 23 11:15:33 +0000 2018,Steel is coming back fast! U.S. Steel is adding great capacity also. So are others. https://t.co/0Pzwjg3Vxn,0.6588,0.226,0.0,0.774,5
296,realDonaldTrump,Sat Jun 23 01:55:00 +0000 2018,RT @realDonaldTrump: We have to maintain strong borders or we will no longer have a country that we can be proud of ‚Äì and if we show any we‚Ä¶,0.6369,0.196,0.067,0.736,4
297,realDonaldTrump,Sat Jun 23 01:53:36 +0000 2018,"RT @realDonaldTrump: Elect more Republicans in  November and we will pass the finest, fairest and most comprehensive Immigration Bills anyw‚Ä¶",0.3167,0.108,0.0,0.892,3
298,realDonaldTrump,Sat Jun 23 00:34:33 +0000 2018,Based on the Tariffs and Trade Barriers long placed on the U.S. &amp; its great companies and workers by the European U‚Ä¶ https://t.co/dqB7ivIKdo,0.6249,0.157,0.0,0.843,2
299,realDonaldTrump,Fri Jun 22 20:23:33 +0000 2018,"Our first duty, and our highest loyalty, is to the citizens of the United States. We will not rest until our border‚Ä¶ https://t.co/Xq0o3yW8dv",0.743,0.231,0.0,0.769,1
300,justinbieber,Mon Jun 18 22:40:15 +0000 2018,:) https://t.co/g8tJx9T4ft,0.4588,0.75,0.0,0.25,100
301,justinbieber,Tue Jun 05 17:46:14 +0000 2018,#cupidmovie https://t.co/11sV1zrpYa,0.0,0.0,0.0,1.0,99
302,justinbieber,Tue Jun 05 17:45:45 +0000 2018,RT @DEADLINE: Justin Bieber Cast As Voice Talent In Animated Film About Cupid From Mythos Studios https://t.co/DMbcNYyBGx https://t.co/Q9M5‚Ä¶,0.4215,0.141,0.0,0.859,98
303,justinbieber,Tue May 22 13:15:49 +0000 2018,We will never let go of hope. #OneLoveManchester https://t.co/mWxXHTIwB3,0.4404,0.266,0.0,0.734,97
304,justinbieber,Tue May 22 13:14:46 +0000 2018,RT @scooterbraun: Never forgotten. Forever honored. https://t.co/b5bIqxyss6,-0.3412,0.171,0.315,0.513,96
305,justinbieber,Sat May 19 00:17:13 +0000 2018,Praying for Santa Fe,0.3612,0.455,0.0,0.545,95
306,justinbieber,Tue May 15 00:55:21 +0000 2018,RT @PopCrave: .@justinbieber has surpassed 18 BILLION views across all official channels on YouTube. He is the most viewed artist in HISTOR‚Ä¶,0.0,0.0,0.0,1.0,94
307,justinbieber,Mon May 14 21:39:13 +0000 2018,New game... don‚Äôt fall https://t.co/RxZKdQZCTT https://t.co/5kEROkd7Dt,0.0,0.0,0.0,1.0,93
308,justinbieber,Wed May 02 04:50:30 +0000 2018,Proud of my brother @PostMalone on his new album,0.4767,0.279,0.0,0.721,92
309,justinbieber,Tue May 01 03:28:24 +0000 2018,Supporting my buddy Adam https://t.co/apWVp0GXDd,0.4404,0.42,0.0,0.58,91
310,justinbieber,Tue Apr 10 18:49:07 +0000 2018,RT @poobear: Thanks for this @HannahStocking! HBD! https://t.co/7DGUO5xNkg,0.5399,0.332,0.0,0.668,90
311,justinbieber,Fri Apr 06 06:17:25 +0000 2018,"#Hard2FaceReality @poobear @jayelectronica 
https://t.co/IXMbZOFNiR https://t.co/BynBGhqE4n",0.0,0.0,0.0,1.0,89
312,justinbieber,Fri Apr 06 06:04:23 +0000 2018,Congrats https://t.co/odYNPq5yIc,0.5267,0.773,0.0,0.227,88
313,justinbieber,Thu Apr 05 16:44:21 +0000 2018,"RT @StevieWonder: On April 4th, 1968 at 7:05 p.m. central time, Dr. King‚Äôs life was cut tragically short. 50 years later a need for his dre‚Ä¶",-0.7003,0.0,0.201,0.799,87
314,justinbieber,Tue Mar 20 16:20:15 +0000 2018,Grateful for great friends,0.8807,0.911,0.0,0.089,86
315,justinbieber,Tue Mar 20 16:19:29 +0000 2018,Proud of these kids https://t.co/M796VNgWWV,0.4767,0.437,0.0,0.563,85
316,justinbieber,Tue Mar 20 16:17:42 +0000 2018,This is great https://t.co/53KZ5720Tw,0.6249,0.577,0.0,0.423,84
317,justinbieber,Fri Mar 02 04:04:27 +0000 2018,#24,0.0,0.0,0.0,1.0,83
318,justinbieber,Fri Mar 02 04:04:14 +0000 2018,RT @AMarch4OurLives: Sign up and spread the word! Every name matters. #MarchForOurLives https://t.co/j2PTXghy2j https://t.co/CiFXKVY1Sz,0.1007,0.097,0.0,0.903,82
319,justinbieber,Sun Feb 18 16:43:13 +0000 2018,Cameron good talking to you last night. All of your bravery is amazing. I stand with you guys. #march24‚Ä¶ https://t.co/FnSUpgJFgx,0.872,0.382,0.0,0.618,81
320,justinbieber,Mon Jun 18 22:40:15 +0000 2018,:) https://t.co/g8tJx9T4ft,0.4588,0.75,0.0,0.25,80
321,justinbieber,Tue Jun 05 17:46:14 +0000 2018,#cupidmovie https://t.co/11sV1zrpYa,0.0,0.0,0.0,1.0,79
322,justinbieber,Tue Jun 05 17:45:45 +0000 2018,RT @DEADLINE: Justin Bieber Cast As Voice Talent In Animated Film About Cupid From Mythos Studios https://t.co/DMbcNYyBGx https://t.co/Q9M5‚Ä¶,0.4215,0.141,0.0,0.859,78
323,justinbieber,Tue May 22 13:15:49 +0000 2018,We will never let go of hope. #OneLoveManchester https://t.co/mWxXHTIwB3,0.4404,0.266,0.0,0.734,77
324,justinbieber,Tue May 22 13:14:46 +0000 2018,RT @scooterbraun: Never forgotten. Forever honored. https://t.co/b5bIqxyss6,-0.3412,0.171,0.315,0.513,76
325,justinbieber,Sat May 19 00:17:13 +0000 2018,Praying for Santa Fe,0.3612,0.455,0.0,0.545,75
326,justinbieber,Tue May 15 00:55:21 +0000 2018,RT @PopCrave: .@justinbieber has surpassed 18 BILLION views across all official channels on YouTube. He is the most viewed artist in HISTOR‚Ä¶,0.0,0.0,0.0,1.0,74
327,justinbieber,Mon May 14 21:39:13 +0000 2018,New game... don‚Äôt fall https://t.co/RxZKdQZCTT https://t.co/5kEROkd7Dt,0.0,0.0,0.0,1.0,73
328,justinbieber,Wed May 02 04:50:30 +0000 2018,Proud of my brother @PostMalone on his new album,0.4767,0.279,0.0,0.721,72
329,justinbieber,Tue May 01 03:28:24 +0000 2018,Supporting my buddy Adam https://t.co/apWVp0GXDd,0.4404,0.42,0.0,0.58,71
330,justinbieber,Tue Apr 10 18:49:07 +0000 2018,RT @poobear: Thanks for this @HannahStocking! HBD! https://t.co/7DGUO5xNkg,0.5399,0.332,0.0,0.668,70
331,justinbieber,Fri Apr 06 06:17:25 +0000 2018,"#Hard2FaceReality @poobear @jayelectronica 
https://t.co/IXMbZOFNiR https://t.co/BynBGhqE4n",0.0,0.0,0.0,1.0,69
332,justinbieber,Fri Apr 06 06:04:23 +0000 2018,Congrats https://t.co/odYNPq5yIc,0.5267,0.773,0.0,0.227,68
333,justinbieber,Thu Apr 05 16:44:21 +0000 2018,"RT @StevieWonder: On April 4th, 1968 at 7:05 p.m. central time, Dr. King‚Äôs life was cut tragically short. 50 years later a need for his dre‚Ä¶",-0.7003,0.0,0.201,0.799,67
334,justinbieber,Tue Mar 20 16:20:15 +0000 2018,Grateful for great friends,0.8807,0.911,0.0,0.089,66
335,justinbieber,Tue Mar 20 16:19:29 +0000 2018,Proud of these kids https://t.co/M796VNgWWV,0.4767,0.437,0.0,0.563,65
336,justinbieber,Tue Mar 20 16:17:42 +0000 2018,This is great https://t.co/53KZ5720Tw,0.6249,0.577,0.0,0.423,64
337,justinbieber,Fri Mar 02 04:04:27 +0000 2018,#24,0.0,0.0,0.0,1.0,63
338,justinbieber,Fri Mar 02 04:04:14 +0000 2018,RT @AMarch4OurLives: Sign up and spread the word! Every name matters. #MarchForOurLives https://t.co/j2PTXghy2j https://t.co/CiFXKVY1Sz,0.1007,0.097,0.0,0.903,62
339,justinbieber,Sun Feb 18 16:43:13 +0000 2018,Cameron good talking to you last night. All of your bravery is amazing. I stand with you guys. #march24‚Ä¶ https://t.co/FnSUpgJFgx,0.872,0.382,0.0,0.618,61
340,justinbieber,Sun Feb 18 16:40:07 +0000 2018,"RT @scooterbraun: Cameron we heard your call... On March 24, we march. If the kids can do it so can the adults. This isn‚Äôt about citizens..‚Ä¶",0.0,0.0,0.0,1.0,60
341,justinbieber,Thu Feb 15 18:39:59 +0000 2018,RT @NBAAllStar: As @justinbieber returns to the #RufflesCelebGame... we throw it back to his MVP performance in 2011! https://t.co/x9OSRwBm‚Ä¶,0.0,0.0,0.0,1.0,59
342,justinbieber,Mon Feb 12 21:32:33 +0000 2018,@JerrySeinfeld I told you it was me :),0.4588,0.333,0.0,0.667,58
343,justinbieber,Tue Feb 06 22:03:18 +0000 2018,RT @billboard: #Despacito is the first Spanish-language song to reach a billion streams on Spotify https://t.co/ehVKUwuirY https://t.co/539‚Ä¶,0.0258,0.068,0.0,0.932,57
344,justinbieber,Wed Jan 17 17:46:04 +0000 2018,In paradise,0.6369,0.808,0.0,0.192,56
345,justinbieber,Sun Jan 07 09:06:30 +0000 2018,https://t.co/Dkpnro7RYJ,0.0,0.0,0.0,1.0,55
346,justinbieber,Sun Jan 07 09:06:10 +0000 2018,They are coming ü§£ https://t.co/qBSuNHk6RI,0.4939,0.286,0.0,0.714,54
347,justinbieber,Tue Dec 12 15:32:10 +0000 2017,https://t.co/lLVbmPe79l,0.0,0.0,0.0,1.0,53
348,justinbieber,Mon Nov 27 14:17:05 +0000 2017,":) bts @telekomerleben 
#magentaverbindet #streamon
https://t.co/bcfNj7zu2Y https://t.co/AjzLTCWlAI",0.4588,0.333,0.0,0.667,52
349,justinbieber,Mon Nov 20 18:51:46 +0000 2017,Everyone have an amazing week,0.5859,0.487,0.0,0.513,51
350,justinbieber,Mon Nov 20 18:51:31 +0000 2017,@LuisFonsi @daddy_yankee congrats on the wins,0.7964,0.64,0.0,0.36,50
351,justinbieber,Mon Nov 20 18:50:48 +0000 2017,@djkhaled congrats buddy,0.5267,0.63,0.0,0.37,49
352,justinbieber,Mon Nov 20 18:50:10 +0000 2017,@JohnLegere just released a new commercial in Germany. Let‚Äôs release it in the US for the holidays. #Friends,0.3818,0.14,0.0,0.86,48
353,justinbieber,Tue Nov 14 06:15:06 +0000 2017,@xkarla congrats @karla_welch,0.5267,0.63,0.0,0.37,47
354,justinbieber,Mon Nov 13 22:19:47 +0000 2017,"RT @Spotify: ""You give me purpose everyday, you give me purpose in every way"" 
üôå @justinbieber üôå https://t.co/X74DDaPVj1 https://t.co/Pv7TI‚Ä¶",0.0,0.0,0.0,1.0,46
355,justinbieber,Fri Oct 27 17:36:57 +0000 2017,RT @Forever21: #JUSTINFOREVER IT'S HERE üòÅüòÅüòÅ SHOP NOW: https://t.co/Ttv2Aj1HlG https://t.co/ZgQDsRmYQG,0.0,0.0,0.0,1.0,45
356,justinbieber,Fri Oct 13 22:55:20 +0000 2017,"STADIUM TOUR MERCH 2.0
https://t.co/ZXLGuwusLr https://t.co/M6PEuKdRal",0.0,0.0,0.0,1.0,44
357,justinbieber,Mon Oct 02 17:00:17 +0000 2017,Praying for all those in pain,-0.2023,0.255,0.337,0.408,43
358,justinbieber,Mon Oct 02 17:00:04 +0000 2017,Praying for Puerto Rico,0.3612,0.455,0.0,0.545,42
359,justinbieber,Mon Oct 02 16:59:43 +0000 2017,Praying for Las Vegas,0.3612,0.455,0.0,0.545,41
360,justinbieber,Sat Sep 30 06:45:59 +0000 2017,RT @davidguetta: The official video of #2U ft @justinbieber is OUT NOW ! #musicvideo https://t.co/Ow4Kj8Dij8,0.0,0.0,0.0,1.0,40
361,justinbieber,Fri Sep 15 23:45:34 +0000 2017,RT @hmusa: üéß Can we still be friends?! üé∂ Get @JustinBieber #StadiumMerch in stores &amp; online now: https://t.co/oBYNUyCTwW  #HM #JustinBieber‚Ä¶,0.0,0.0,0.0,1.0,39
362,justinbieber,Fri Sep 15 23:45:08 +0000 2017,Everyone watch my boys tonight #DareToLive https://t.co/SYgICpkyPm,0.0,0.0,0.0,1.0,38
363,justinbieber,Wed Sep 13 16:01:20 +0000 2017,Amazing. Thanks everyone. Let's keep helping eachother. https://t.co/RNbmGPeJqX,0.836,0.64,0.0,0.36,37
364,justinbieber,Wed Sep 13 16:00:51 +0000 2017,"RT @handinhandfund: YOU CAN STILL DONATE üö®

https://t.co/s83ifdAVdB",0.0,0.0,0.0,1.0,36
365,justinbieber,Tue Sep 12 23:51:08 +0000 2017,"Call me
1 (800) 258-6000
#HandInHand",0.0,0.0,0.0,1.0,35
366,justinbieber,Tue Sep 12 14:38:19 +0000 2017,"RT @handinhandfund: Watch #HandInHand live on Twitter! 
‚ù§Ô∏è or retweet to show your support for hurricane victims.
https://t.co/FtEEjCADuY",0.1759,0.134,0.103,0.763,34
367,justinbieber,Tue Sep 12 02:26:56 +0000 2017,See you tomorrow. #HandInHand let's help. 8pm tomorrow https://t.co/mt06FCxiTm,0.4019,0.252,0.0,0.748,33
368,justinbieber,Sat Sep 09 05:37:28 +0000 2017,Honored to be taking part in a great cause https://t.co/e9s4wG7nSN,0.836,0.53,0.0,0.47,32
369,justinbieber,Sat Sep 09 05:37:03 +0000 2017,"RT @JasonKennedy1: üôè@scooterbraun is always the first to jump in after tragedy &amp; @KELLYROWLAND you're an angel, praying for all families af‚Ä¶",-0.4404,0.093,0.164,0.743,31
370,justinbieber,Fri Sep 08 23:33:06 +0000 2017,RT @hm: Fresh streetstyle ‚Äî get them before it's too late! #HM #HMMan #StadiumMerch @JustinBieber https://t.co/feW4xWlbWb https://t.co/ry0t‚Ä¶,0.3802,0.147,0.0,0.853,30
371,justinbieber,Thu Sep 07 20:30:22 +0000 2017,RT @PacSun: The wait is over: @justinbieber's #stadiumtour Collection is available online now + in stores next week. https://t.co/ul0g9G9RL‚Ä¶,0.0,0.0,0.0,1.0,29
372,justinbieber,Thu Aug 31 16:41:33 +0000 2017,"RT @TwitterMusic: In each other's company since Tweet number one.

Congratulations @justinbieber on #100MBeliebers https://t.co/ftaTRwFrHP",0.6369,0.286,0.0,0.714,28
373,justinbieber,Wed Aug 30 13:58:03 +0000 2017,Praying for everyone down in Houston,0.3612,0.333,0.0,0.667,27
374,justinbieber,Wed Aug 30 13:57:31 +0000 2017,Proud of you bro https://t.co/ADT1W0EAxV,0.4767,0.437,0.0,0.563,26
375,justinbieber,Wed Aug 30 13:57:16 +0000 2017,RT @RoryKramer: When your friend says he's not coming to your party...only to surprise you.  justinbieber ‚ù§Ô∏è‚Ä¶ https://t.co/rdqb99TtJb,0.6486,0.249,0.0,0.751,25
376,justinbieber,Wed Aug 30 13:57:07 +0000 2017,RT @DareToLive: ‚ÄúTake it like a man...we need a bigger one!‚Äù ‚Äî@RoryKramer. #DareToLive https://t.co/E8jhum4pHt,0.4199,0.202,0.0,0.798,24
377,justinbieber,Wed Aug 23 16:49:44 +0000 2017,#stadiummerch at @hm september 7th https://t.co/Mnib8sEp7O,0.0,0.0,0.0,1.0,23
378,justinbieber,Wed Aug 23 13:57:26 +0000 2017,RT @billboard: #Despacito is the second song EVER to lead the #Hot100 for at least 15 weeks https://t.co/ryWdKg7hlb https://t.co/J94kD1Rdoc,0.0,0.0,0.0,1.0,22
379,justinbieber,Mon Aug 21 18:04:24 +0000 2017,RT @Spotify: Still on repeat üîÅ https://t.co/ayAuwtURbD https://t.co/yKWM5o35IU,0.0,0.0,0.0,1.0,21
380,justinbieber,Fri Aug 18 22:09:13 +0000 2017,"RT @AppleMusic: We're not worthy.
New @justinbieber x @bloodpop.
#Friends
Listen now.
https://t.co/562LuzY3vt",-0.3412,0.0,0.179,0.821,20
381,justinbieber,Fri Aug 18 18:02:42 +0000 2017,#Friends lyric video https://t.co/b7DmNCbX6O,0.0,0.0,0.0,1.0,19
382,justinbieber,Fri Aug 18 15:31:04 +0000 2017,#friends https://t.co/RzDxHxDsIB,0.0,0.0,0.0,1.0,18
383,justinbieber,Thu Aug 17 16:17:57 +0000 2017,#FRIENDS out now. https://t.co/oeLF25VGyo https://t.co/SMxtOSpg0i,0.0,0.0,0.0,1.0,17
384,justinbieber,Thu Aug 17 16:17:13 +0000 2017,https://t.co/oeLF25VGyo https://t.co/7b6pTCUEQb,0.0,0.0,0.0,1.0,16
385,justinbieber,Thu Aug 17 16:06:18 +0000 2017,New song #Friends out now @bloodpop https://t.co/Bzzi41jtGd https://t.co/CxrvzXUdmZ,0.0,0.0,0.0,1.0,15
386,justinbieber,Thu Aug 17 15:00:09 +0000 2017,1 HOUR #Friends,0.0,0.0,0.0,1.0,14
387,justinbieber,Mon Aug 14 14:22:56 +0000 2017,New music. Thursday noon https://t.co/xUOsYoqQce,0.0,0.0,0.0,1.0,13
388,justinbieber,Sun Aug 13 22:15:10 +0000 2017,Can we still be friends,0.4767,0.437,0.0,0.563,12
389,justinbieber,Thu Aug 03 15:20:57 +0000 2017,#xkarla https://t.co/bMtdxYFvVo,0.0,0.0,0.0,1.0,11
390,justinbieber,Wed Aug 02 15:34:00 +0000 2017,RT @karla_welch: It's HERE! @xkarla x Hanes featuring @justinbieber ON SALE tomorrow! https://t.co/nFaKFQUmU6,0.0,0.0,0.0,1.0,10
391,justinbieber,Wed Jul 05 22:59:44 +0000 2017,https://t.co/y8sxm6vyJa,0.0,0.0,0.0,1.0,9
392,justinbieber,Wed Jul 05 22:56:20 +0000 2017,Who has the merch from the #StadiumCollection ?,0.0,0.0,0.0,1.0,8
393,justinbieber,Wed Jul 05 22:54:45 +0000 2017,Thank you to Europe for an incredible #PurposeTourStadiums https://t.co/gRP5ipJV57,0.3612,0.238,0.0,0.762,7
394,justinbieber,Sun Jul 02 13:32:10 +0000 2017,London today #PurposeTourStadiums,0.0,0.0,0.0,1.0,6
395,justinbieber,Sat Jul 01 16:57:08 +0000 2017,RT @Selfridges: .@justinbieber's Purpose Tour #StadiumCollection launches in store &amp; online today! UK shipping only and worldwide shipping‚Ä¶,0.0,0.0,0.0,1.0,5
396,justinbieber,Thu Jun 29 18:56:55 +0000 2017,Supporting my brother @djkhaled. Get #FANLUV https://t.co/7VDJUhICy6,0.4404,0.326,0.0,0.674,4
397,justinbieber,Thu Jun 29 17:50:38 +0000 2017,RT @mmilive: JUSTIN BIEBER | #PurposeTourMNL | 9.30.17 | PHILIPPINE ARENA | Tickets on sale 7.9.17 https://t.co/HCHUiNjNaW https://t.co/3w6‚Ä¶,0.0,0.0,0.0,1.0,3
398,justinbieber,Thu Jun 22 16:30:10 +0000 2017,Got something special for the Hyde Park show in london July 2nd. #PurposeTourStadiums,0.4019,0.184,0.0,0.816,2
399,justinbieber,Tue Jun 20 03:51:14 +0000 2017,"RT @billboard: ""Despacito"" dominates #Hot100 &amp; @JustinBieber has week's three top-selling songs https://t.co/IG0o6AdtB6 https://t.co/UeqNbm‚Ä¶",0.0516,0.085,0.0,0.915,1
400,KylieJenner,Wed Jun 27 20:48:14 +0000 2018,Go to Kylie Cosmetics Insta now to enter my sorta sweet giveaway! https://t.co/eVfm3SA1ns,0.4587,0.2,0.0,0.8,100
401,KylieJenner,Mon Jun 25 19:29:11 +0000 2018,just 3 more days till my SORTA SWEET palette launches on https://t.co/bDaiohhXCV!!!!! I get so excited every time i‚Ä¶ https://t.co/JsrLPLaNSc,0.8576,0.346,0.0,0.654,99
402,KylieJenner,Sun Jun 24 17:32:29 +0000 2018,Omg thank u! https://t.co/ObVsWuyRj7,0.4199,0.482,0.0,0.518,98
403,KylieJenner,Sun Jun 24 17:31:43 +0000 2018,wearing my brand new palette SORTA SWEET launching June 28th only on https://t.co/bDaiohhXCV üñ§üç¨ https://t.co/lJFTfw9qET,0.6337,0.23,0.0,0.77,97
404,KylieJenner,Sat Jun 23 22:33:38 +0000 2018,RT @kyliecosmetics: The Royal Peach Palette üçë Get yours now to create the perfect eye looks for summer! ‚òÄÔ∏è @theglamwoman https://t.co/eQXrg‚Ä¶,0.7263,0.243,0.0,0.757,96
405,KylieJenner,Sat Jun 23 22:33:31 +0000 2018,It‚Äôs here! Our exclusive @kendallandkylie collection for @ardene is available in stores and online at‚Ä¶ https://t.co/c1QZ1kCncq,0.2003,0.107,0.0,0.893,95
406,KylieJenner,Sat Jun 23 18:59:24 +0000 2018,reading all the comments and reviews on my site! So glad everyone loves my Bronze Extended Palette as much as I do!‚Ä¶ https://t.co/m2RsF9oDtT,0.856,0.296,0.0,0.704,94
407,KylieJenner,Fri Jun 22 16:19:33 +0000 2018,"RT @kyliecosmetics: Oh hello, #WETSET we missed you! ‚ú® back on the site NOW üôå¬†https://t.co/OkYMEy8aAp https://t.co/HeqZwyHuTT",0.1007,0.125,0.106,0.77,93
408,KylieJenner,Fri Jun 22 16:02:07 +0000 2018,The original WET SET is back ‚ú®‚ú® https://t.co/bDaiohhXCV https://t.co/W8HlROawrY,0.3182,0.223,0.0,0.777,92
409,KylieJenner,Wed Jun 20 04:17:59 +0000 2018,RT @kyliecosmetics: Kylie‚Äôs June favorites bundle is in! ü¶ã  Shop this $175 value bundle for just $100 at https://t.co/rkT2b8JJL5 NOW! Hurry‚Ä¶,0.6988,0.233,0.0,0.767,91
410,KylieJenner,Wed Jun 20 00:10:01 +0000 2018,my Sorta Sweet lip trio üòç June 28 #SortaSweet @kyliecosmetics https://t.co/ZreuuBP7CP,0.6915,0.322,0.0,0.678,90
411,KylieJenner,Wed Jun 20 00:04:39 +0000 2018,Sorta Sweet Palette üòç launching June 28.... in my all new black packaging ü§™ @kyliecosmetics https://t.co/p8dN3vOJEd,0.6644,0.232,0.0,0.768,89
412,KylieJenner,Tue Jun 19 16:23:17 +0000 2018,"ok guys, my June Favorites bundle is here!! $175 value for only $100! https://t.co/bDaiohhXCV https://t.co/uuJ2cEy8EG",0.8061,0.408,0.0,0.592,88
413,KylieJenner,Tue Jun 19 04:22:47 +0000 2018,Ok ok coming up https://t.co/4HzExe51s8,0.5267,0.595,0.0,0.405,87
414,KylieJenner,Tue Jun 19 04:22:12 +0000 2018,Please do this https://t.co/kHM8p27lJn,0.3182,0.434,0.0,0.566,86
415,KylieJenner,Tue Jun 19 04:19:35 +0000 2018,Like two weeks ago ü§∑üèª‚Äç‚ôÄÔ∏è just to watch tv &amp; drive at night. My vision is getting pretty bad üò´ https://t.co/FH2RTdUo5Q,0.0772,0.219,0.182,0.598,85
416,KylieJenner,Tue Jun 19 04:17:01 +0000 2018,It actually did !!! https://t.co/IICLetFuGP,0.0,0.0,0.0,1.0,84
417,KylieJenner,Tue Jun 19 04:12:27 +0000 2018,Ok!! https://t.co/HISgcdPoJa,0.4184,0.736,0.0,0.264,83
418,KylieJenner,Tue Jun 19 04:01:00 +0000 2018,üò´üò´üò´üòç https://t.co/psa28ybZsp,0.0,0.0,0.0,1.0,82
419,KylieJenner,Sat Jun 16 16:43:32 +0000 2018,"RT @kyliecosmetics: üö® Free domestic shipping promo ends Sunday 8am pst! Stock up on singles, new liners, lip kits, Ultra Glows and more tod‚Ä¶",0.5562,0.126,0.0,0.874,81
420,KylieJenner,Wed Jun 27 20:48:14 +0000 2018,Go to Kylie Cosmetics Insta now to enter my sorta sweet giveaway! https://t.co/eVfm3SA1ns,0.4587,0.2,0.0,0.8,80
421,KylieJenner,Mon Jun 25 19:29:11 +0000 2018,just 3 more days till my SORTA SWEET palette launches on https://t.co/bDaiohhXCV!!!!! I get so excited every time i‚Ä¶ https://t.co/JsrLPLaNSc,0.8576,0.346,0.0,0.654,79
422,KylieJenner,Sun Jun 24 17:32:29 +0000 2018,Omg thank u! https://t.co/ObVsWuyRj7,0.4199,0.482,0.0,0.518,78
423,KylieJenner,Sun Jun 24 17:31:43 +0000 2018,wearing my brand new palette SORTA SWEET launching June 28th only on https://t.co/bDaiohhXCV üñ§üç¨ https://t.co/lJFTfw9qET,0.6337,0.23,0.0,0.77,77
424,KylieJenner,Sat Jun 23 22:33:38 +0000 2018,RT @kyliecosmetics: The Royal Peach Palette üçë Get yours now to create the perfect eye looks for summer! ‚òÄÔ∏è @theglamwoman https://t.co/eQXrg‚Ä¶,0.7263,0.243,0.0,0.757,76
425,KylieJenner,Sat Jun 23 22:33:31 +0000 2018,It‚Äôs here! Our exclusive @kendallandkylie collection for @ardene is available in stores and online at‚Ä¶ https://t.co/c1QZ1kCncq,0.2003,0.107,0.0,0.893,75
426,KylieJenner,Sat Jun 23 18:59:24 +0000 2018,reading all the comments and reviews on my site! So glad everyone loves my Bronze Extended Palette as much as I do!‚Ä¶ https://t.co/m2RsF9oDtT,0.856,0.296,0.0,0.704,74
427,KylieJenner,Fri Jun 22 16:19:33 +0000 2018,"RT @kyliecosmetics: Oh hello, #WETSET we missed you! ‚ú® back on the site NOW üôå¬†https://t.co/OkYMEy8aAp https://t.co/HeqZwyHuTT",0.1007,0.125,0.106,0.77,73
428,KylieJenner,Fri Jun 22 16:02:07 +0000 2018,The original WET SET is back ‚ú®‚ú® https://t.co/bDaiohhXCV https://t.co/W8HlROawrY,0.3182,0.223,0.0,0.777,72
429,KylieJenner,Wed Jun 20 04:17:59 +0000 2018,RT @kyliecosmetics: Kylie‚Äôs June favorites bundle is in! ü¶ã  Shop this $175 value bundle for just $100 at https://t.co/rkT2b8JJL5 NOW! Hurry‚Ä¶,0.6988,0.233,0.0,0.767,71
430,KylieJenner,Wed Jun 20 00:10:01 +0000 2018,my Sorta Sweet lip trio üòç June 28 #SortaSweet @kyliecosmetics https://t.co/ZreuuBP7CP,0.6915,0.322,0.0,0.678,70
431,KylieJenner,Wed Jun 20 00:04:39 +0000 2018,Sorta Sweet Palette üòç launching June 28.... in my all new black packaging ü§™ @kyliecosmetics https://t.co/p8dN3vOJEd,0.6644,0.232,0.0,0.768,69
432,KylieJenner,Tue Jun 19 16:23:17 +0000 2018,"ok guys, my June Favorites bundle is here!! $175 value for only $100! https://t.co/bDaiohhXCV https://t.co/uuJ2cEy8EG",0.8061,0.408,0.0,0.592,68
433,KylieJenner,Tue Jun 19 04:22:47 +0000 2018,Ok ok coming up https://t.co/4HzExe51s8,0.5267,0.595,0.0,0.405,67
434,KylieJenner,Tue Jun 19 04:22:12 +0000 2018,Please do this https://t.co/kHM8p27lJn,0.3182,0.434,0.0,0.566,66
435,KylieJenner,Tue Jun 19 04:19:35 +0000 2018,Like two weeks ago ü§∑üèª‚Äç‚ôÄÔ∏è just to watch tv &amp; drive at night. My vision is getting pretty bad üò´ https://t.co/FH2RTdUo5Q,0.0772,0.219,0.182,0.598,65
436,KylieJenner,Tue Jun 19 04:17:01 +0000 2018,It actually did !!! https://t.co/IICLetFuGP,0.0,0.0,0.0,1.0,64
437,KylieJenner,Tue Jun 19 04:12:27 +0000 2018,Ok!! https://t.co/HISgcdPoJa,0.4184,0.736,0.0,0.264,63
438,KylieJenner,Tue Jun 19 04:01:00 +0000 2018,üò´üò´üò´üòç https://t.co/psa28ybZsp,0.0,0.0,0.0,1.0,62
439,KylieJenner,Sat Jun 16 16:43:32 +0000 2018,"RT @kyliecosmetics: üö® Free domestic shipping promo ends Sunday 8am pst! Stock up on singles, new liners, lip kits, Ultra Glows and more tod‚Ä¶",0.5562,0.126,0.0,0.874,61
440,KylieJenner,Fri Jun 15 17:46:23 +0000 2018,who else is obsessed with @HandmaidsOnHulu?,-0.1779,0.0,0.254,0.746,60
441,KylieJenner,Fri Jun 15 15:20:18 +0000 2018,Happy Friday! FREE shipping on all domestic orders starts now on https://t.co/bDaiohhXCV @kyliecosmetics ... no min‚Ä¶ https://t.co/tYLHetZbzV,0.7798,0.331,0.091,0.578,59
442,KylieJenner,Wed Jun 13 22:02:20 +0000 2018,just dropped new lip liners and singles at https://t.co/bDaiohhXCV üòç https://t.co/VL6i6pg74J,0.4588,0.188,0.0,0.812,58
443,KylieJenner,Wed Jun 13 17:54:40 +0000 2018,new lip liners dropping on the site today... 3pm pst https://t.co/bDaiohhXCV https://t.co/b1rldwsO09,0.0,0.0,0.0,1.0,57
444,KylieJenner,Tue Jun 12 23:17:25 +0000 2018,‚ù§Ô∏è my @kyliecosmetics skin concealers...  30 shades üòç A lightweight formula that provides medium buildable coverage‚Ä¶ https://t.co/vEzXcSsht2,0.4588,0.136,0.0,0.864,56
445,KylieJenner,Tue Jun 12 18:56:07 +0000 2018,RT @kyliecosmetics: Kylie Cosmetics and the @KylieTruck are popping up at #BeautyconLA!! Come shop the collection on July 14 &amp; 15! Get your‚Ä¶,0.0,0.0,0.0,1.0,55
446,KylieJenner,Sun Jun 10 15:28:03 +0000 2018,RT @kyliecosmetics: And don‚Äôt forget the fan brush! Perfect for applying your Ultra Glows and Kylighters! https://t.co/ApOowzqUtJ https://t‚Ä¶,0.6892,0.28,0.081,0.639,54
447,KylieJenner,Sun Jun 10 15:28:00 +0000 2018,RT @kyliecosmetics: That Ulta GLOW ‚ú® Glow: Santorini Loose Highlight üíã Lips: Koko K Liquid Lipstick @youngandglowy https://t.co/b9S2HY6pqy‚Ä¶,0.6369,0.315,0.097,0.588,53
448,KylieJenner,Sat Jun 09 02:54:37 +0000 2018,RT @kyliecosmetics: RESTOCK ALERT üö® FIJI Ultra Glow loose powder #Kylighter is back on the site now! üí´ https://t.co/deDD1TOQWd https://t.co‚Ä¶,-0.1429,0.111,0.17,0.719,52
449,KylieJenner,Sat Jun 09 02:54:35 +0000 2018,RT @kyliecosmetics: boss babe wearing KOKO matte lip @KylieJenner https://t.co/feFdB3BVve https://t.co/zAPXFZvU3e,0.0,0.0,0.0,1.0,51
450,KylieJenner,Thu Jun 07 21:28:52 +0000 2018,Ask me and Jordyn some questions! We are making a new YouTube vid! Hashtag #jordynandkylie,0.0,0.0,0.0,1.0,50
451,KylieJenner,Wed Jun 06 00:21:23 +0000 2018,RT @kyliecosmetics: RED VELVET üíã The ultra-long wearing bold shade for intense coverage! https://t.co/EQBxMwWvmc https://t.co/34WoJ8kqE9,0.7177,0.35,0.0,0.65,49
452,KylieJenner,Mon Jun 04 16:38:09 +0000 2018,"back in stock! Sprinkle, Ironic and LA Lip Kits https://t.co/bDaiohhXCV https://t.co/Drs1dSNNIC",-0.2003,0.0,0.152,0.848,48
453,KylieJenner,Sat Jun 02 23:35:55 +0000 2018,wearing JORDY lip kit today ... https://t.co/bDaiohhXCV üíã https://t.co/yxiJBjdqTY,0.4215,0.237,0.0,0.763,47
454,KylieJenner,Sat Jun 02 14:03:33 +0000 2018,"POSIE K TRIO, back in stock üíï https://t.co/JUzOWD0wYu https://t.co/QvZIzyrCJw",0.0,0.0,0.0,1.0,46
455,KylieJenner,Fri Jun 01 22:00:39 +0000 2018,my 4 new red shades just launched at https://t.co/6Qgyudbedy üíã https://t.co/HzEKb4KkPv,0.5106,0.323,0.0,0.677,45
456,KylieJenner,Tue May 29 18:26:33 +0000 2018,"the original Koko lip set is back, plus all 8 koko shades now in singles! https://t.co/lA5e9XM6va https://t.co/4iN90kp5CD",0.3802,0.147,0.0,0.853,44
457,KylieJenner,Tue May 29 02:46:17 +0000 2018,RT @kyliecosmetics: Last few hours to shop our Memorial Day SALE!! Up to 20% at https://t.co/rkT2b8JJL5 üá∫üá∏,0.5242,0.166,0.0,0.834,43
458,KylieJenner,Mon May 28 23:40:01 +0000 2018,"RT @kyliecosmetics: Happy Memorial Day! üá∫üá∏ SALE now on! Get up to 20% off sitewide, offer ends at 11:59pm PST ‚ù§Ô∏è¬†https://t.co/rkT2b8JJL5 @l‚Ä¶",0.7955,0.235,0.0,0.765,42
459,KylieJenner,Mon May 28 23:07:54 +0000 2018,RT @itsEmmaLouisex: So In love with @KylieJenner concealer like it gets rid of my eye bags and it‚Äôs so easy to applyüéâ I love it @kyliecosme‚Ä¶,0.9451,0.42,0.0,0.58,41
460,KylieJenner,Sun May 27 22:07:21 +0000 2018,Memorial Day sale starts now on https://t.co/bDaiohhXCV! https://t.co/hra0Qg0jns,0.0,0.0,0.0,1.0,40
461,KylieJenner,Sun May 27 17:38:41 +0000 2018,Love üíúüíú https://t.co/OqdVvCkCey,0.6369,0.677,0.0,0.323,39
462,KylieJenner,Sun May 27 17:37:15 +0000 2018,i like Gemini‚Äôs üòùüòù they get me https://t.co/LRUhoONCnG,0.3612,0.294,0.0,0.706,38
463,KylieJenner,Fri May 25 21:47:35 +0000 2018,"guys, tomorrow is the last day to visit my @kyliecosmetics Pop Up at 21 Grant Ave, San Francisco! make sure you sto‚Ä¶ https://t.co/F0KbaCwASB",0.6239,0.195,0.0,0.805,37
464,KylieJenner,Thu May 24 16:00:13 +0000 2018,RT @kyliecosmetics: Get any two skin concealers for ONLY $30 now at https://t.co/rkT2b8JJL5 ‚ú® Sale ends Saturday! https://t.co/GzfKC1Tfty,0.3802,0.132,0.0,0.868,36
465,KylieJenner,Wed May 23 22:22:14 +0000 2018,left my designer for this @FashionNova fit üëåüèº https://t.co/W69gSynzVi,0.824,0.463,0.0,0.537,35
466,KylieJenner,Wed May 23 22:22:07 +0000 2018,RT @kyliecosmetics: Feeling peachy today! üçë Royal Peach Palette is back in stock! üíô¬†https://t.co/eQXrgH3ze1 https://t.co/BdVVGiflBV,0.2695,0.115,0.0,0.885,34
467,KylieJenner,Tue May 22 17:03:33 +0000 2018,"just dropped four new matte singles on https://t.co/bDaiohhXCV...  Apricot, Head Over Heels, High Maintenance and L‚Ä¶ https://t.co/hrWddQnYJy",0.0,0.0,0.0,1.0,33
468,KylieJenner,Tue May 22 16:41:15 +0000 2018,RT @kyliecosmetics: Kylie‚Äôs May favorites bundle is available now!! üíû Shop this $211 value bundle for ONLY $100 at https://t.co/rkT2b8JJL5!‚Ä¶,0.7249,0.242,0.0,0.758,32
469,KylieJenner,Mon May 21 20:50:03 +0000 2018,RT @kyliecosmetics: Lip liners in all your favorites shades üíû available now! https://t.co/rkT2b8JJL5 https://t.co/ZAKMpKvM8C,0.4753,0.181,0.0,0.819,31
470,KylieJenner,Sun May 20 18:55:43 +0000 2018,Khlo$ matte lip + #KourtxKylie Blue Palette üíõ https://t.co/lA5e9XM6va https://t.co/rKdWO61btK,0.0,0.0,0.0,1.0,30
471,KylieJenner,Sat May 19 05:56:56 +0000 2018,San Fran is amazing but i doooo wanna come to Texas next ‚ò∫Ô∏è‚ò∫Ô∏è‚ò∫Ô∏è https://t.co/l6lp8oJL84,0.34,0.167,0.0,0.833,29
472,KylieJenner,Sat May 19 05:55:06 +0000 2018,but on a positive note .. today truly was amazing!!! I love meeting you guys. We are such a strong team ‚ô•Ô∏è,0.9819,0.626,0.0,0.374,28
473,KylieJenner,Sat May 19 05:54:22 +0000 2018,just gets to me when i see comments like i made everyone wait and i showed up hours late. when that‚Äôs just not the truth of the situation.,0.1376,0.091,0.071,0.838,27
474,KylieJenner,Sat May 19 05:51:32 +0000 2018,i came there a day early and set the store up myself so it would be PERFECT for you guys. if i didn‚Äôt love doing th‚Ä¶ https://t.co/7vcPljTGuc,0.8636,0.282,0.0,0.718,26
475,KylieJenner,Sat May 19 05:50:30 +0000 2018,shut down the street at a certain time and let me know when they believe i should come because i feel strongly abou‚Ä¶ https://t.co/l0O0ZG9juG,0.4939,0.181,0.0,0.819,25
476,KylieJenner,Sat May 19 05:48:55 +0000 2018,ok for the few complaints i see saying i showed up ‚Äú4 hours late‚Äù to my pop up. I want to make it clear i don‚Äôt get‚Ä¶ https://t.co/DmN2exPieh,0.34,0.212,0.094,0.694,24
477,KylieJenner,Fri May 18 20:09:42 +0000 2018,"üíîüíî so heartbroken. Texas, I‚Äôm thinking of you and sending all the victims and their families my love and prayers. X",-0.4005,0.15,0.245,0.605,23
478,KylieJenner,Fri May 18 17:20:07 +0000 2018,!!! Getting ready now üíÑ https://t.co/hkaOzgIzWH,0.5229,0.403,0.0,0.597,22
479,KylieJenner,Fri May 18 16:56:55 +0000 2018,just got this clip! I love you guys!!!!!! https://t.co/U49NHAGieD,0.7482,0.434,0.0,0.566,21
480,KylieJenner,Fri May 18 16:54:39 +0000 2018,Ahhhh! Pop up opens in 5 minutes!!!! I personally organized everything for you guys allll day yesterday so i hope you love it and enjoy üíã,0.9466,0.435,0.0,0.565,20
481,KylieJenner,Thu May 17 23:04:32 +0000 2018,bay https://t.co/0vKjpYnpUK,0.0,0.0,0.0,1.0,19
482,KylieJenner,Tue May 15 01:32:00 +0000 2018,RT @kyliecosmetics: Loving @jakewarden‚Äôs #KrisKollection look üî• Get the eyeshadow palette on the site now! https://t.co/7s46IVyLzp https://‚Ä¶,0.4199,0.194,0.111,0.695,18
483,KylieJenner,Tue May 15 01:31:41 +0000 2018,I‚ÄôM SO EXCITED! Coming for you San Francisco! The Kylie Pop Up opens this Friday 10am at 21 Grant Ave. See you then‚Ä¶ https://t.co/0H4FTFb93U,0.8043,0.248,0.0,0.752,17
484,KylieJenner,Sun May 13 22:05:37 +0000 2018,The Kris Kollection is live! Be quick! https://t.co/bDaiohhXCV https://t.co/vwEJKPAOF6,0.0,0.0,0.0,1.0,16
485,KylieJenner,Sun May 13 17:10:47 +0000 2018,Watch @patrickstarrr do my mom‚Äôs makeup using her #KrisKollection! Launching today at 3pm pst https://t.co/PFIOIjo7UI,0.0,0.0,0.0,1.0,15
486,KylieJenner,Sun May 13 17:09:38 +0000 2018,RT @patrickstarrr: üòÇüôåüèΩ New video with @KrisJenner @kyliecosmetics üëèüèºüëèüèºüëèüèº https://t.co/RZu820yjC8 https://t.co/La6EbrXBWF,0.0,0.0,0.0,1.0,14
487,KylieJenner,Sun May 13 14:28:27 +0000 2018,The @kyliecosmetics #KrisKollection drops today at 3pm pst on https://t.co/bDaiohhXCV #HappyMothersDay https://t.co/qCFvXpxKLF,0.0,0.0,0.0,1.0,13
488,KylieJenner,Sat May 12 23:22:45 +0000 2018,BTS with @KrisJenner! The #KrisKollection drops tomorrow at 3pm pst on https://t.co/bDaiohhXCV https://t.co/dHlhvVz5Dh,0.0,0.0,0.0,1.0,12
489,KylieJenner,Thu May 10 23:22:37 +0000 2018,If you didn‚Äôt already know @krisjenner took over EVERYTHING. ü§£ https://t.co/453cUvMRs8,0.4939,0.186,0.0,0.814,11
490,KylieJenner,Wed May 09 21:39:05 +0000 2018,my next pop up opens on the 18th.. can you guess where? üòä https://t.co/61R5obCcmC,0.7184,0.273,0.0,0.727,10
491,KylieJenner,Tue May 08 22:01:36 +0000 2018,"RT @adoringmeb: lmao @KylieJenner‚Äòs story is the best thing ever, THESE NAMES NFHBNF",0.8442,0.424,0.0,0.576,9
492,KylieJenner,Tue May 08 22:00:42 +0000 2018,RT @arigrande721: @KylieJenner when kris said mut i died,-0.5574,0.0,0.34,0.66,8
493,KylieJenner,Tue May 08 21:59:37 +0000 2018,"RT @justjaredjr: Oh no! @KylieJenner's Kylie Cosmetics Instagram account got hacked! Find out what happened: 

https://t.co/Owuxj2Vx3h",-0.6688,0.0,0.281,0.719,7
494,KylieJenner,Tue May 08 21:59:12 +0000 2018,"RT @hype_bae: .@KylieJenner's cosmetics brand has just been hacked on social media by mom @KrisJenner.
https://t.co/7tt2anevJw https://t.co‚Ä¶",-0.4019,0.0,0.144,0.856,6
495,KylieJenner,Tue May 08 21:58:38 +0000 2018,RT @laurxnwallace: Kris is too funny on @KylieJenner story,0.4404,0.266,0.0,0.734,5
496,KylieJenner,Tue May 08 21:58:25 +0000 2018,RT @hannahhhhh15: The Momager insta ‚Äúhack‚Äù by @KrisJenner in @KylieJenner @kriscosmetics is marketing genius. Loving the idea,0.5994,0.196,0.0,0.804,4
497,KylieJenner,Tue May 08 21:57:43 +0000 2018,RT @Astud12: Iam DYING! I want the whole collection and I don‚Äôt even wear eyeshadow! @KylieJenner @KrisJenner @kriscosmetics,0.2225,0.112,0.0,0.888,3
498,KylieJenner,Tue May 08 21:57:20 +0000 2018,"RT @Hunter___Anne: @KylieJenner @kriscosmetics LIVING FOR THIS. ‚ÄúThis shit drops on Mother‚Äôs Day‚Äù- fav collab so far. Reveal is awesome, na‚Ä¶",0.5423,0.247,0.125,0.627,2
